"Title","Description","Started","Submitted","Conv","PrimaryText1","PrimaryText2","PrimaryText3","Headline1","Headline2","Headline3","ThankYouEmail","ImgHeadline1","ImgHeadline2","ImgHeadline3","ImageConcept"
"When Are You Overconfident?","This quick tool is designed to give you a clearer sense of how you rate your own reasoning chops - and how your confidence compares to others.","548","496","90.5","Most of us trust our reasoning more than we should. This quick tool shows how your self-rating stacks up. 🤔 Find out.","See how your confidence in your own reasoning compares to everyone else's - and where it might mislead you. Take the free test.","Where does your confidence outrun your accuracy? This quick, free tool maps it against thousands of others. Take a look.","Rate Your Reasoning Skills","The Overconfidence Tool","How Calibrated Is Your Confidence?","Thank you — we hope you found your overconfidence report valuable.

Seeing where your confidence outruns your reasoning is one thing; acting on it day to day is another. That gap shows up in real decisions — career moves, money, relationships — where a small miscalibration can cost a lot.

That's where Clearer Thinking Plus can help. In our Navigator membership ($99/month, cancel anytime), you get one-on-one 45-minute video sessions with an evidence-based coach trained in CBT, ACT, and Motivational Interviewing, who builds a personalized plan to help you make faster, surer progress toward what matters.

Curious? Learn more here: https://www.clearerthinking.org/coaching

— The Clearer Thinking Team","How Sure Are You","The Confidence Trap","Test Your Calibration","A single weathered brass compass laid on a clean white surface, its needle subtly split into two faint ghosted directions, shot top-down in soft daylight; the quiet contradiction makes the eye linger and question its own certainty."
"Your Primal World Beliefs","Discover the beliefs that inform your personal worldview, whether you see the world as more safe than dangerous, more interesting than boring, or more meaningful than empty.","633","527","83.3","Deep down, do you read the world as safe or dangerous, rich or dull? This free tool reveals the beliefs shaping your lens. 🌍 Discover yours.","Uncover the core beliefs steering how you see everything - and start understanding why the world looks the way it does to you. Take the free test.","Safe or dangerous? Meaningful or empty? Your hidden 'primal' beliefs color it all. A free, science-based tool maps them. Find out.","Map Your Worldview","Your Hidden World Beliefs","Safe World or Dangerous One?","Thank you — we hope you found your Primal World Beliefs report valuable.

The deep beliefs you carry — whether the world feels safe or threatening, meaningful or empty — quietly shape how you act every day. When those beliefs hold you back, simply naming them rarely shifts them on its own.

That's where Clearer Thinking Plus can help. In our Navigator membership ($99/month, cancel anytime), you get one-on-one 45-minute video sessions with an evidence-based coach trained in CBT, ACT, and Motivational Interviewing, who builds a personalized plan around how you actually see the world.

Curious? Learn more here: https://www.clearerthinking.org/coaching

— The Clearer Thinking Team","Safe Or Dangerous","Your Hidden Worldview","What Do You See","Split-screen of the exact same city street, one half lit warm and golden, the other cool and shadowed, divided by a crisp vertical line down the center; the instant same-scene-two-moods contrast stops the scroll and poses the question of how you read the world."
"Mental Traps","Scientists have discovered a slew of systematic errors in human thought. Learn about a few of the mind's mistakes in this brief introduction.","671","556","82.9","Your brain runs on shortcuts that quietly distort your thinking. This brief tool reveals a few of them. 🧠 Take a look.","Spot the systematic errors hiding in everyday reasoning - and start making sharper, clearer decisions. Take the free intro.","Scientists have catalogued dozens of predictable thinking errors. How many shape your choices? This free intro shows a few. Find out.","Spot Your Thinking Errors","The Mind's Hidden Mistakes","Which Mental Traps Catch You?","Thank you — we hope you found your Mental Traps report valuable.

Spotting your own cognitive biases is a real first step, but biases are stubborn — they keep steering decisions even after you can name them. Catching them in the moment, when it counts, is the hard part.

That's where Clearer Thinking Plus can help. In our Navigator membership ($99/month, cancel anytime), you get one-on-one 45-minute video sessions with an evidence-based coach trained in CBT, ACT, and Motivational Interviewing, who builds a personalized plan to help you think more clearly and decide better.

Curious? Learn more here: https://www.clearerthinking.org/coaching

— The Clearer Thinking Team","Your Brain Lies","Spot The Trap","15 Hidden Biases","A clean geometric paper maze in soft neutral tones viewed from above, with one tiny figure-shaped marble resting mid-path; minimalist and modern, it visually promises a puzzle about your own thinking."
"Skeptical Seekers","Take this mini-test to find out whether you have the two personality traits that are essential for discovering true things about the world.","517","419","81.0","Two personality traits matter most for finding what's true. This quick test shows where you land on both. 🔍 Find out.","Discover how your curiosity and skepticism combine - the mix that helps people uncover what's really true. Take the free mini-test.","What separates good truth-seekers from the rest? Two traits. This free mini-test measures yours. Take a look.","Measure Your Truth-Seeking Traits","The Two Traits of Seekers","Curious AND Skeptical Enough?","Thank you — we hope you found your Skeptical Seekers report valuable.

Knowing which traits help you find true things is useful; consistently putting careful, honest thinking into practice — especially on the questions that matter most to your life — is harder.

That's where Clearer Thinking Plus can help. In our Navigator membership ($99/month, cancel anytime), you get one-on-one 45-minute video sessions with an evidence-based coach trained in CBT, ACT, and Motivational Interviewing, who builds a personalized plan to help you reason well and make real progress toward your goals.

Curious? Learn more here: https://www.clearerthinking.org/coaching

— The Clearer Thinking Team","Question Everything","Truth Or Belief","Are You A Seeker","A single magnifying glass resting on a plain matte surface, its lens catching and bending the light into a sharp focused circle on the paper below; clean and curiosity-driven, it signals scrutiny without cliche."
"Credentialist Test","Do you care about formal qualifications? Take this mini-test to find out where you fall on the Credentialist to Non-Credentialist spectrum.","274","205","74.8","Do degrees and titles sway you more than you realize? This quick test places you on the credentialist spectrum. 🎓 Find out.","See exactly how much you weigh formal qualifications - and what that reveals about how you judge expertise. Take the free mini-test.","Credentials or competence: which actually drives your trust? This free mini-test reveals where you fall. Take a look.","Where You Fall On Credentials","The Credentialist Spectrum","Do Titles Sway Your Trust?","Thank you — we hope you found your Credentialist Test report valuable.

How much weight you give to credentials says something about how you judge yourself and others — and sometimes about where you feel you fall short. Understanding that lens is a good prompt to ask what kind of growth you actually want.

That's where Clearer Thinking Plus can help. In our Navigator membership ($99/month, cancel anytime), you get one-on-one 45-minute video sessions with an evidence-based coach trained in CBT, ACT, and Motivational Interviewing, who builds a personalized plan to help you make faster progress toward your goals.

Curious? Learn more here: https://www.clearerthinking.org/coaching

— The Clearer Thinking Team","Degrees Or Doubt","Do Titles Matter","Test Your Bias","A framed blank diploma hanging slightly crooked on a clean white wall, the certificate itself empty; the empty credential is quietly provocative and invites you to question how much paper proves."
"Your Greatest Sources of Pleasure","Discover what brings you the most joy and personal life satisfaction and review how to experience them more often.","604","448","74.2","What actually brings you the most joy - not what you assume? This free tool surfaces your real sources of pleasure. 😊 Discover them.","Pinpoint what truly satisfies you and learn simple ways to experience more of it, more often. Take the free test.","Most people chase the wrong joys. This free tool reveals where your real satisfaction comes from. Find out.","Find Your Real Sources Of Joy","What Truly Brings You Joy","Chasing The Right Kind Of Joy?","Thank you — we hope you found your Sources of Pleasure report valuable.

Knowing what brings you joy is the easy part; actually building more of it into a busy life — and protecting it from stress and routine — is where many of us get stuck.

That's where Clearer Thinking Plus can help. In our Navigator membership ($99/month, cancel anytime), you get one-on-one 45-minute video sessions with an evidence-based coach trained in CBT, ACT, and Motivational Interviewing, who builds a personalized plan to help you turn what you value into how you actually live.

Curious? Learn more here: https://www.clearerthinking.org/coaching

— The Clearer Thinking Team","Find Your Joy","What Lights You Up","Map Your Pleasures","An overhead flat-lay of small everyday joy objects (a coffee cup, headphones, a worn book, a houseplant) arranged in a soft radiating pattern on a warm pastel background; inviting and warm, it reads as a personal map of delight."
"Tactics for Happier Living","Take this test to get a personalized set of activities that can support you in adding fulfillment and meaning to your life.","161","119","73.9","Happiness is buildable with the right habits. This test hands you a personalized set of them. ✨ Take a look.","Get a tailored list of evidence-based activities to add real fulfillment and meaning to your days. Take the free test.","Which small actions actually move the needle on happiness? This free test builds your personalized set. Find out.","Your Personalized Happiness Plan","Tactics For A Happier Life","Want Habits That Build Fulfillment?","Thank you — we hope you found your Tactics for Happier Living report valuable.

A list of activities that could add meaning is a great start, but the real challenge is following through — turning good intentions into habits that stick when life gets busy.

That's where Clearer Thinking Plus can help. In our Navigator membership ($99/month, cancel anytime), you get one-on-one 45-minute video sessions with an evidence-based coach trained in CBT, ACT, and Motivational Interviewing, who builds a personalized plan to help you put more fulfillment into practice, week after week.

Curious? Learn more here: https://www.clearerthinking.org/coaching

— The Clearer Thinking Team","Small Daily Wins","Design Your Day","Build More Joy","A clean modern desk from above with a simple checklist where one item glows softly highlighted; bright and uncluttered, it suggests practical, doable steps toward feeling better."
"Unique Traits Test","Discover things you never knew about yourself with our comprehensive assessment that reveals 80+ unusual traits.","10743","7715","71.8","There are sides of you that standard personality quizzes miss entirely. This one reveals 80+ unusual traits. 🔮 Discover yours.","Uncover 80+ rare traits and finally see the quirks that make you genuinely one of a kind. Take the free test.","Most tests measure the same 5 traits. This free one reveals 80+ you've likely never seen. Find out.","Discover Your 80+ Rare Traits","Things You Never Knew About You","What Makes You One Of A Kind?","Thank you — we hope you found your Unique Traits report valuable.

Discovering dozens of unusual things about yourself is fascinating — and it often raises a bigger question: now that you know yourself a little better, what do you want to do with it?

That's where Clearer Thinking Plus can help. In our Navigator membership ($99/month, cancel anytime), you get one-on-one 45-minute video sessions with an evidence-based coach trained in CBT, ACT, and Motivational Interviewing, who builds a personalized plan to turn self-understanding into real progress.

Curious? Learn more here: https://www.clearerthinking.org/coaching

— The Clearer Thinking Team","80 Things About You","What Makes You Rare","You're One In Many","A single brightly colored origami crane standing among rows of identical plain white ones, shot in soft even light; the one-of-a-kind standout instantly signals individuality and curiosity about your own quirks."
"Gender Continuum Test","Take this fun test to learn about the relationship between gender and personality based on data from more than 15,000 people - and learn about yourself in the process!","6372","4221","66.2","How does your personality map onto gender patterns drawn from 15,000+ people? This fun test shows you. 🧬 Find out.","Learn something new about yourself by seeing how your personality compares across a huge gender dataset. Take the free test.","Built on data from 15,000+ people: where does your personality land on the gender continuum? This free test reveals it. Take a look.","See Where You Land","The Gender Continuum Test","Curious How Your Traits Compare?","Thank you — we hope you found your Gender Continuum report valuable.

Exploring how gender and personality relate in you can open up deeper questions about identity, how you show up with others, and what you want for yourself.

That's where Clearer Thinking Plus can help. In our Navigator membership ($99/month, cancel anytime), you get one-on-one 45-minute video sessions with an evidence-based coach trained in CBT, ACT, and Motivational Interviewing, who builds a personalized plan around who you are and where you'd like to go.

Curious? Learn more here: https://www.clearerthinking.org/coaching

— The Clearer Thinking Team","Beyond The Binary","Where Do You Land","Explore The Spectrum","A smooth horizontal gradient ribbon flowing across the frame through a wide range of soft hues, with a single subtle marker dot hovering above it; modern and clean, the spectrum visual reframes a familiar question elegantly."
"Political Bias Test","Learn to spot and overcome your political biases and test your policy knowledge with this fun, free quiz.","1823","1196","65.6","Everyone has political blind spots - even the well-informed. This free quiz helps you spot yours. 🗳️ Find out.","Learn to recognize and overcome political bias while testing how well you actually know the policies. Take the free quiz.","Think you're immune to political bias? This fun, free quiz tests your knowledge and your blind spots. Take a look.","Spot Your Political Blind Spots","The Political Bias Quiz","How Well Do You Know Policy?","Thank you — we hope you found your Political Bias report valuable.

Seeing where your political reasoning bends is valuable, but staying even-handed in the heat of real conversations — and not letting bias quietly drive your conclusions — takes ongoing practice.

That's where Clearer Thinking Plus can help. In our Navigator membership ($99/month, cancel anytime), you get one-on-one 45-minute video sessions with an evidence-based coach trained in CBT, ACT, and Motivational Interviewing, who builds a personalized plan to help you think more clearly and make better decisions.

Curious? Learn more here: https://www.clearerthinking.org/coaching

— The Clearer Thinking Team","Spot Your Bias","Left Or Right","See Your Lean","A pair of identical reading glasses on a neutral background, one lens tinted faint blue and the other faint red; the subtle two-tone lenses cleverly hint at how perspective colors what we see."
"Retrocaster","Sharpen your prediction skills by finding the hidden trends in charts about global problems.","137","89","65.0","Hidden inside charts about the world are trends most people miss. This tool trains you to spot them. 📈 Take a look.","Sharpen your forecasting instincts by learning to read the real direction behind global data. Take the free challenge.","Can you see where global trends are really heading? This free tool tests how well you read the charts. Find out.","Sharpen Your Prediction Skills","Find The Hidden Trends","Can You Read The Charts?","Thank you — we hope you found your Retrocaster report valuable.

Sharpening your forecasting is a powerful skill, and its real payoff is in the choices you make — judging risks, weighing options, and planning ahead with a clearer view of what's likely.

That's where Clearer Thinking Plus can help. In our Navigator membership ($99/month, cancel anytime), you get one-on-one 45-minute video sessions with an evidence-based coach trained in CBT, ACT, and Motivational Interviewing, who builds a personalized plan to help you turn better judgment into faster progress on your goals.

Curious? Learn more here: https://www.clearerthinking.org/coaching

— The Clearer Thinking Team","Predict The Past","Sharpen Your Forecasts","Test Your Foresight","A single clean dart frozen mid-air just before hitting a minimalist target, captured against a bright seamless backdrop; the suspended moment of almost-landing pulls the eye and signals skill and precision."
"The Ultimate Personality Test","Find out which of our 16 personality types you match best. Also, get a personalized report with your Jungian (inspired by MBTI/Myers-Briggs), Enneagram, and Big Five traits—all in one test!","1485","939","63.2","One test, three frameworks: Jungian, Enneagram and Big Five - plus your best-fit type out of 16. 🧩 Discover yours.","Get a complete personality report combining MBTI-style, Enneagram and Big Five insights in a single read. Take the free test.","Why take three personality tests when one covers Jungian, Enneagram AND Big Five? Find your type free. Take a look.","3 Frameworks, 1 Free Test","Your Complete Personality Type","Which Of 16 Types Are You?","Thank you — we hope you found your personality profile valuable.

A rich picture of your type, traits, and tendencies is a great map — but a map only helps when you use it to navigate the real choices and changes in front of you.

That's where Clearer Thinking Plus can help. In our Navigator membership ($99/month, cancel anytime), you get one-on-one 45-minute video sessions with an evidence-based coach trained in CBT, ACT, and Motivational Interviewing, who builds a personalized plan around your strengths to help you make faster progress.

Curious? Learn more here: https://www.clearerthinking.org/coaching

— The Clearer Thinking Team","Who Are You Really","Your 16 Types","Decode Yourself","Sixteen small distinct geometric shapes arranged in a neat grid on a soft gradient background, each a different muted color, with one gently spotlit; clean and systematic, it promises a precise read on who you are."
"Understanding Your Morality","Discover your unique moral compass through an interactive tool that analyzes your ethical decision-making across 15 different frameworks.","5693","3566","62.6","Your sense of right and wrong is more distinctive than you think. This tool maps it across 15 frameworks. ⚖️ Discover it.","See your moral compass clearly - how you decide what's right, mapped across 15 ethical frameworks. Take the free test.","What really drives your ethical choices? This interactive tool analyzes them across 15 frameworks. Find out.","Map Your Moral Compass","Your Ethics Across 15 Lenses","What Drives Your Right And Wrong?","Thank you — we hope you found your morality report valuable.

Seeing your moral compass across different ethical frameworks can clarify what you truly care about — and sometimes reveal a gap between your values and how you're actually living.

That's where Clearer Thinking Plus can help. In our Navigator membership ($99/month, cancel anytime), you get one-on-one 45-minute video sessions with an evidence-based coach trained in CBT, ACT, and Motivational Interviewing, who builds a personalized plan to help you live and decide in line with what matters most to you.

Curious? Learn more here: https://www.clearerthinking.org/coaching

— The Clearer Thinking Team","Your Moral Compass","What's Right To You","15 Moral Lenses","A polished compass resting on an open blank page, its needle pointing toward soft warm light off-frame; understated and thoughtful, the moral-compass metaphor lands without being preachy."
"The Imposter Syndrome Test","Learn about imposter syndrome, take the assessment to find out more about your own experiences, and discover strategies to combat imposter feelings.","1310","811","61.9","That feeling of not being 'good enough' has a name and a science. This free assessment explores it. 💭 Take a look.","Understand your own experiences with imposter feelings and get practical strategies to push back. Take the free test.","A science-based imposter syndrome assessment - plus real strategies to quiet the self-doubt. Find out more.","A Science-Based Imposter Test","Understand The Imposter Feeling","Ever Feel Like A Fraud At Work?","Thank you — we hope you found your Imposter Syndrome report valuable.

Recognizing those imposter feelings is a real step forward, but quieting the inner voice that says you're not good enough — especially in high-stakes moments — usually takes more than insight alone.

That's where Clearer Thinking Plus can help. In our Navigator membership ($99/month, cancel anytime), you get one-on-one 45-minute video sessions with an evidence-based coach trained in CBT, ACT, and Motivational Interviewing, who builds a personalized plan to help you trust your worth and move forward with more confidence.

Curious? Learn more here: https://www.clearerthinking.org/coaching

— The Clearer Thinking Team","The Confidence Gap","Do You Feel Faker","Quiet The Doubt","A single empty office chair facing a large bright window with soft morning light, shot clean and minimal with lots of negative space; the calm, slightly vulnerable emptiness invites quiet self-reflection."
"Improve Your Frequency Predictions","Test your ability to estimate the frequency of events and compare your scores to other users with this quick quiz.","147","91","61.9","How good are you at guessing how often things really happen? This quick quiz puts it to the test. 📊 Find out.","Sharpen your estimation skills and see how your accuracy compares to other users. Take the free quiz.","Most people badly misjudge how common events are. This quick quiz scores you against others. Take a look.","Test Your Estimation Skills","How Good Is Your Guessing?","Can You Estimate How Often?","Thank you — we hope you found your Frequency Predictions report valuable.

Getting better at estimating how often things really happen sharpens your judgment — and that shows up everywhere, from everyday risks to big decisions where being well-calibrated truly pays off.

That's where Clearer Thinking Plus can help. In our Navigator membership ($99/month, cancel anytime), you get one-on-one 45-minute video sessions with an evidence-based coach trained in CBT, ACT, and Motivational Interviewing, who builds a personalized plan to help you turn clearer thinking into faster progress on your goals.

Curious? Learn more here: https://www.clearerthinking.org/coaching

— The Clearer Thinking Team","How Often Really","Guess The Odds","Sharpen Your Estimates","A clean abstract array of small dots on a white field, most muted grey with a precise scatter of bright ones, arranged like a probability grid; minimalist and brainy, it visualizes estimating how often things happen."
"Can You Detect Weak Arguments?","Find out how well you can spot misleading rhetoric and recognize your own bias using real-world examples.","893","544","60.9","Ever read something convincing, then realized it was hollow? 🤔 This quiz tests how you handle real-world rhetoric. Take the free test.","Sharpen your eye for misleading rhetoric and learn to catch bias in real-world examples. Start the free test.","Most people overrate their ability to spot weak arguments. Where do you land with real examples? Find out free.","Spot Misleading Rhetoric Faster","The Weak-Argument Detector","Can You Catch a Weak Argument?","Thank you — we hope you found your Can You Detect Weak Arguments? report valuable.

Spotting weak rhetoric and your own blind spots is one thing; consistently acting on clearer judgment in your real decisions is another. That's where coaching can help.

Clearer Thinking Plus pairs you with an evidence-based coach (CBT, ACT, and Motivational Interviewing) for one-on-one 45-minute video sessions and a personalized plan to help you make faster progress on the goals that matter to you.

If you'd like a thinking partner in your corner, you can learn more here:
https://www.clearerthinking.org/coaching

— The Clearer Thinking Team","Spot The Spin","Could You Be Fooled?","Test Your BS Detector","A clean split-screen of two nearly identical speech bubbles on a deep navy background, one subtly cracked like glass, inviting the eye to find the flaw; minimalist editorial style that signals a hidden catch."
"Value Of Your Time Calculator","Get a custom report that will help you make decisions based on the value of your time, like whether to take on extra part-time work or hire your own help.","7384","4437","60.1","What is an hour actually worth to you? ⏳ Get a custom report and decide smarter. Try the free calculator.","Make clearer calls on extra work or hiring help, with a custom report built around the value of your time. Start free.","Should you take that side gig, or hire help instead? Run the numbers with a free custom report. Find out.","Know What Your Time Is Worth","Your Hour Has a Number","Side Gig, or Hire Help?","Thank you — we hope you found your Value Of Your Time Calculator report valuable.

Knowing what your time is worth is the easy part; actually protecting it from procrastination, overcommitment, and low-value habits is harder. That's where coaching can help.

Clearer Thinking Plus pairs you with an evidence-based coach (CBT, ACT, and Motivational Interviewing) for one-on-one 45-minute video sessions and a personalized plan to help you make faster progress on what matters most.

If you'd like help spending your time on what counts, you can learn more here:
https://www.clearerthinking.org/coaching

— The Clearer Thinking Team","Your Hour Has A Price","What's An Hour Worth?","Calculate Your Time","A single elegant hourglass where the falling sand is made of tiny gold coins against a warm muted background; the visual metaphor of time literally turning into money stops the scroll instantly."
"The Entrepreneur Test","Take our test to get a customized report on your strengths and weaknesses as a potential startup founder. Learn if you have the traits and skills you need to succeed!","1050","622","59.2","Curious how you'd hold up as a startup founder? 🚀 Get a customized report on your strengths and weaknesses. Take the free test.","See where your founder strengths shine and which skills to build, in one customized report. Start the free test.","What separates founders who last from those who don't? Get your customized strengths report. Find out free.","Map Your Founder Strengths","Are You Built to Build?","Could You Run a Startup?","Thank you — we hope you found your The Entrepreneur Test report valuable.

Understanding your strengths and weaknesses as a founder is a great start; turning that insight into real momentum — through the stress, setbacks, and big decisions — is where many people get stuck. That's where coaching can help.

Clearer Thinking Plus pairs you with an evidence-based coach (CBT, ACT, and Motivational Interviewing) for one-on-one 45-minute video sessions and a personalized plan to help you make faster progress toward your goals.

If you'd like support building on your strengths, you can learn more here:
https://www.clearerthinking.org/coaching

— The Clearer Thinking Team","Built To Found?","Do You Have It?","Test Your Founder Edge","A bold overhead shot of a single chess knight standing apart from a row of pawns on a stark two-tone board; modern, confident, hinting at the question of who is wired to lead."
"The Common Misconceptions Test","Separate fact from B.S. in this fun quiz that asks you to identify the misconceptions among 30 common beliefs.","1176","692","58.8","Some ""facts"" everyone repeats are just myths. 🧐 Can you spot them among 30 common beliefs? Take the free quiz.","Walk away knowing which widely held beliefs are actually false, in one fun 30-question quiz. Try it free.","30 common beliefs, some true, some B.S. How many can you call correctly? Find out with the free quiz.","Tell Fact From Fiction","30 Beliefs, How Many Myths?","Which ""Facts"" Are Actually False?","Thank you — we hope you found your The Common Misconceptions Test report valuable.

Separating fact from widely-believed myths is a real skill — and the same clear-eyed thinking can help you see your own life and choices more accurately. That's where coaching can help.

Clearer Thinking Plus pairs you with an evidence-based coach (CBT, ACT, and Motivational Interviewing) for one-on-one 45-minute video sessions and a personalized plan to help you make faster progress on the goals that matter to you.

If you'd like a thinking partner for the bigger questions, you can learn more here:
https://www.clearerthinking.org/coaching

— The Clearer Thinking Team","Most People Are Wrong","Fact Or Myth?","Test What You Know","A crisp typographic visual of a familiar 'fact' stamped with a faint red question mark watermark over it, set in clean serif on cream; the tension between certainty and doubt draws the eye."
"The Ultimate Personality Test (high-traffic)","Find out which of our 16 personality types you match best — Jungian, Enneagram, and Big Five traits in one test.","317945","173826","54.7","Which of 16 personality types fits you best? ✨ Jungian, Enneagram, and Big Five in one test. Find out free.","Get a richer read on yourself with Jungian, Enneagram, and Big Five traits combined into one result. Take the free test.","Why take three personality tests when one covers all of them? Discover your type. Take the free test.","3 Frameworks, 1 Personality Type","Find Your 1 of 16 Types","Which Personality Type Are You?","Thank you — we hope you found your The Ultimate Personality Test report valuable.

Seeing your personality profile can be eye-opening, but the real payoff comes from using that self-understanding to change how you actually live and work. That's where coaching can help.

Clearer Thinking Plus pairs you with an evidence-based coach (CBT, ACT, and Motivational Interviewing) for one-on-one 45-minute video sessions and a personalized plan to help you make faster progress toward your goals.

If you'd like to turn insight into action, you can learn more here:
https://www.clearerthinking.org/coaching

— The Clearer Thinking Team","Which Type Are You?","16 Types One You","Test Your Personality","A grid of 16 minimalist abstract symbols in soft gradient colors with a single tile glowing brighter than the rest; the modern mosaic invites you to find your square."
"How Rational Are You, Really?","Learn which of 16 reasoning styles you use, your overall level of rationality, and what you can do now to improve your rationality skills.","66275","32817","49.5","Which of 16 reasoning styles do you lean on? 🧠 See your rationality profile and how to sharpen it. Take the free test.","Learn your reasoning style and get clear, doable steps to strengthen your rationality skills. Start the free test.","Smart people still reason in predictable ways. Which of the 16 styles is yours? Find out free.","See Your Reasoning Style","16 Ways of Thinking, Yours?","How Rational Are You, Really?","Thank you — we hope you found your How Rational Are You, Really? report valuable.

Learning about your reasoning styles is a strong first step; strengthening them and applying them under real pressure is where lasting change happens. That's where coaching can help.

Clearer Thinking Plus pairs you with an evidence-based coach (CBT, ACT, and Motivational Interviewing) for one-on-one 45-minute video sessions and a personalized plan to help you make faster progress on the goals that matter to you.

If you'd like help thinking and deciding more clearly, you can learn more here:
https://www.clearerthinking.org/coaching

— The Clearer Thinking Team","Smarter Than Your Gut?","How Rational Are You?","Test Your Logic","A profile silhouette split down the middle, one half rendered as a calm geometric circuit, the other a swirl of warm emotion; a thoughtful, modern visualization of head versus instinct."
"The Intrinsic Values Test","Find out what you value most in the world, and compare those values to others', with this fun, comprehensive quiz.","7373","3623","49.1","What do you actually value most? 🌱 This comprehensive quiz shows you, and how you compare to others. Find out free.","Get clarity on your deepest values and see how they stack up against other people's. Take the free quiz.","Most people have never put their core values in order. Could you? Compare yours to others. Find out free.","Discover What You Value Most","Your Values, Ranked","What Do You Truly Value?","Thank you — we hope you found your The Intrinsic Values Test report valuable.

Knowing what you value most is powerful, but the gap between those values and how you spend your days is where many of us feel stuck. That's where coaching can help.

Clearer Thinking Plus pairs you with an evidence-based coach (CBT, ACT, and Motivational Interviewing) for one-on-one 45-minute video sessions and a personalized plan to help you live and make progress in line with what matters most to you.

If you'd like help closing that gap, you can learn more here:
https://www.clearerthinking.org/coaching

— The Clearer Thinking Team","What Drives You Most?","Know What You Value","Find Your Core Values","A simple set of weighing scales balancing small iconic objects (a heart, a clock, a key) on a serene pastel backdrop; quiet and contemplative, it asks what truly tips your scale."
"Predict Correlations","How well do you understand human psychology? See if you can predict how much agreeing with one statement is associated with agreeing with another statement.","4304","2006","46.6","Think you read people well? 🤔 See if you can predict how psychology traits connect. Take the free test.","Sharpen your intuition for human psychology by testing how well you predict real-world correlations. Start free.","Psychology findings often surprise even experts. Can you predict the links? Find out with the free test.","Test Your Psychology Intuition","Can You Predict the Link?","How Well Do You Read People?","Thank you — we hope you found your Predict Correlations report valuable.

Getting better at reading human psychology sharpens how you understand others — and yourself. Turning that self-understanding into real change in your own habits and choices is where coaching can help.

Clearer Thinking Plus pairs you with an evidence-based coach (CBT, ACT, and Motivational Interviewing) for one-on-one 45-minute video sessions and a personalized plan to help you make faster progress toward your goals.

If you'd like a thinking partner in your corner, you can learn more here:
https://www.clearerthinking.org/coaching

— The Clearer Thinking Team","Guess What Connects","Can You Predict People?","Test Your Intuition","Two abstract dot-cloud scatter plots side by side on dark canvas, one forming a faint hidden pattern; the data-art look feels intelligent and challenges you to see the link."
"Charity Effectiveness","See if you can guess which social interventions had a positive effect, a negative effect, or no effect, based on a short description.","3401","1579","46.4","Do good intentions equal good results? 🤔 Guess which social programs actually worked. Take the free quiz.","Build a sharper sense for what real-world social interventions accomplish, positive, negative, or none. Try it free.","Some well-funded programs do nothing, or harm. Can you tell which worked? Find out with the free quiz.","Guess What Actually Worked","Good Intentions, Real Results?","Which Programs Actually Helped?","Thank you — we hope you found your Charity Effectiveness report valuable.

Figuring out which interventions actually work takes clear, evidence-based thinking — the same kind that helps you make real progress in your own life. That's where coaching can help.

Clearer Thinking Plus pairs you with an evidence-based coach (CBT, ACT, and Motivational Interviewing) for one-on-one 45-minute video sessions and a personalized plan to help you make faster progress on the goals that matter to you.

If you'd like support putting good thinking into action, you can learn more here:
https://www.clearerthinking.org/coaching

— The Clearer Thinking Team","Which Giving Works?","Does Your Donation Help?","Test Your Impact IQ","A clean infographic-style visual of two coins dropping into slots above wildly different-sized impact bars; bright and purposeful, it dramatizes that not all giving is equal."
"Resolve Harmful Situations","Facing a challenging or harmful situation? This tool will help you think through your options, using a simple decision-making framework.","69","32","46.4","Stuck on a tough situation? 🧭 Walk through your options with a simple decision framework. Try the free tool.","Get more clarity on a challenging situation by working through your options step by step. Start the free tool.","When a situation feels overwhelming, where do you even begin? A simple framework can help. Find out free.","Think Through Tough Choices","A Framework for Hard Moments","Facing a Difficult Situation?","Thank you — we hope you found your Resolve Harmful Situations report valuable.

Thinking through your options in a hard situation is important, but following through under stress — and protecting your wellbeing along the way — is rarely easy on your own. That's where coaching can help.

Clearer Thinking Plus pairs you with an evidence-based coach (CBT, ACT, and Motivational Interviewing) for one-on-one 45-minute video sessions and a personalized plan, including support with stress and difficult life transitions.

If you'd like someone in your corner, you can learn more here:
https://www.clearerthinking.org/coaching

— The Clearer Thinking Team","Think It Through","Stuck In A Bind?","Find Your Way Out","A single tangled knot of rope on a calm neutral background with one strand glowing as the loosening thread; understated and reassuring, it promises a way through complexity."
"Artificial Intelligence Quiz","Test your knowledge of artificial intelligence and some of the risks it poses!","462","210","45.5","How much do you really know about AI? 🤖 Test your knowledge, including the risks it poses. Take the free quiz.","Get a clearer grasp of how AI works and the risks worth understanding, in one quick quiz. Try it free.","Everyone has an opinion on AI. How much do you actually know? Find out with the free quiz.","Test Your AI Knowledge","How Much AI Do You Know?","Do You Really Understand AI?","Thank you — we hope you found your Artificial Intelligence Quiz report valuable.

Thinking carefully about AI and its risks reflects a wider strength: making sense of a fast-changing world and your place in it. Turning that clarity into real progress in your own life is where coaching can help.

Clearer Thinking Plus pairs you with an evidence-based coach (CBT, ACT, and Motivational Interviewing) for one-on-one 45-minute video sessions and a personalized plan to help you make faster progress toward your goals.

If you'd like a thinking partner in your corner, you can learn more here:
https://www.clearerthinking.org/coaching

— The Clearer Thinking Team","How Much Do You Know?","AI Friend Or Risk?","Test Your AI Smarts","A sleek neural-network constellation of glowing nodes against deep space-blue, with one node pulsing like a question; futuristic yet clean, it signals smart, current knowledge."
"How Airtight Are Your Estimates?","Are your guesses truly independent? Or is it possible that you're being manipulated by irrelevant information without your knowledge?","21","9","42.9","Are your estimates really your own? 🤔 See whether irrelevant info is quietly shaping your guesses. Find out free.","Learn to make cleaner, more independent estimates by spotting hidden influences on your judgment. Take the free test.","Irrelevant numbers can sway even careful thinkers. Are your guesses truly independent? Find out free.","Make Cleaner Estimates","Are Your Guesses Really Yours?","Are Your Estimates Airtight?","Thank you — we hope you found your How Airtight Are Your Estimates? report valuable.

Seeing where your estimates get anchored or nudged off course is revealing — and the same awareness can help you catch the biases that quietly shape your bigger life choices. That's where coaching can help.

Clearer Thinking Plus pairs you with an evidence-based coach (CBT, ACT, and Motivational Interviewing) for one-on-one 45-minute video sessions and a personalized plan to help you make faster progress on the goals that matter to you.

If you'd like help thinking and deciding more clearly, you can learn more here:
https://www.clearerthinking.org/coaching

— The Clearer Thinking Team","Your Number Is Rigged","Can You Be Anchored?","Test Your Estimates","A close-up of a measuring tape subtly bending and warping mid-frame on a stark background; the visual trick of a distorted ruler hints that your judgment can be quietly nudged."
"Fail-Safing Your Plans","In this mini-course, you'll learn how to use a technique called Prospective Hindsight to think about your future plans with more depth and clarity.","54","23","42.6","What if you imagined your plan already failed? 🔮 This mini-course teaches Prospective Hindsight. Start free.","Think through your future plans with more depth and spot weak points early, using one simple technique. Start free.","Top planners imagine failure before it happens. Want the technique? Take the free mini-course. Find out.","Plan With More Clarity","The Imagine-It-Failed Method","What Could Sink Your Plan?","Thank you — we hope you found your Fail-Safing Your Plans report valuable.

Imagining how a plan could fail is a smart way to strengthen it — and the same foresight helps when the plan is your own goals, routines, or next big move. Following through is where coaching can help.

Clearer Thinking Plus pairs you with an evidence-based coach (CBT, ACT, and Motivational Interviewing) for one-on-one 45-minute video sessions and a personalized plan to help you make faster progress and build better routines.

If you'd like help turning plans into progress, you can learn more here:
https://www.clearerthinking.org/coaching

— The Clearer Thinking Team","Imagine It Failed","What Could Go Wrong?","Stress-Test Your Plan","A pristine blueprint on blue paper with one faint crack line spreading across it, magnified by a small loupe; architectural and precise, it frames foresight as smart engineering."
"Learn Your Philosophical Beliefs","Take this quiz to learn what philosophical beliefs you hold, and discover whether these beliefs are predicted by your psychological traits.","35845","15104","42.1","What philosophy do you actually believe? 🤔 And do your traits predict it? Take the free quiz to find out.","Get clarity on the philosophical beliefs you hold and see how they connect to your psychological traits. Try it free.","Could your personality predict your philosophy? See the link for yourself. Take the free quiz to find out.","Discover Your Philosophy","Do Your Traits Shape Belief?","What Do You Really Believe?","Thank you — we hope you found your Learn Your Philosophical Beliefs report valuable.

Getting clearer on what you believe is a meaningful kind of self-understanding — and living more in line with those beliefs, day to day, is where it really counts. That's where coaching can help.

Clearer Thinking Plus pairs you with an evidence-based coach (CBT, ACT, and Motivational Interviewing) for one-on-one 45-minute video sessions and a personalized plan to help you make faster progress toward the goals that matter to you.

If you'd like a thinking partner in your corner, you can learn more here:
https://www.clearerthinking.org/coaching

— The Clearer Thinking Team","What Do You Believe?","Name Your Philosophy","Discover Your Worldview","A row of classical marble busts rendered in soft modern duotone, each glowing a different color; elegant and intellectual, it invites you to see which thinker mirrors you."
"Seeking Outside Criticism","Make a plan to ask for specific, honest criticism on an aspect of yourself that you'd like to improve.","121","50","41.3","Ready to hear the honest feedback most people avoid? 🪞 Build a plan to ask for it. Try the free tool.","Turn vague self-improvement goals into a concrete plan for getting specific, honest criticism. Start the free tool.","Most people never ask for the criticism that would help them most. Will you? Make your plan. Find out free.","Get Feedback That Helps","The Honest-Criticism Plan","Ready for Real Feedback?","Thank you — we hope you found your Seeking Outside Criticism report valuable.

Making a plan to get honest feedback is a brave step toward growth — and acting on that feedback, without getting discouraged, is where real change takes hold. That's where coaching can help.

Clearer Thinking Plus pairs you with an evidence-based coach (CBT, ACT, and Motivational Interviewing) for one-on-one 45-minute video sessions and a personalized plan to help you make faster progress and grow in the ways you want.

If you'd like a supportive, honest thinking partner, you can learn more here:
https://www.clearerthinking.org/coaching

— The Clearer Thinking Team","Hear The Hard Truth","Who Tells You Straight?","Get Honest Feedback","A single mirror reflecting a slightly different, sharper version of a plain shape on a minimalist background; calm and a little provocative, it visualizes seeing yourself clearly."
"Faulty Reasoning Quiz","Can you spot bad reasoning? Learn about five types of faulty arguments and take a quiz to see how well you can spot them!","663","273","41.2","Five types of faulty arguments slip past most of us every day. Want to see if you can catch them? Take the quiz 🔍","Learn to spot the five most common reasoning traps, then test your skills with a quick interactive quiz. Try it free.","How many of the 5 classic faulty arguments can you actually spot? There's only one way to find out. Take the quiz.","Spot Bad Reasoning Faster","5 Arguments Most People Miss","Can You Catch Faulty Logic?","Thank you — we hope you found your Faulty Reasoning Quiz report valuable.

Spotting faulty arguments is one thing; consistently thinking clearly when real decisions and emotions are on the line is harder. That's where a coach can help.

Clearer Thinking Plus includes one-on-one, 45-minute video sessions with an evidence-based coach (drawing on CBT, ACT, and Motivational Interviewing) who builds a personalized plan to help you make faster progress on the goals that matter to you.

If you'd like a thinking partner in your corner, you can learn more here:
https://www.clearerthinking.org/coaching

— The Clearer Thinking Team","Spot The Bad Argument","Can You Catch The Flaw","5 Ways Logic Tricks You","A clean split-screen of two near-identical speech bubbles on a deep navy background, one subtly cracked down the middle, inviting the eye to find which argument is broken; minimal, high-contrast, sharp typography."
"Get Going: Overcome Procrastination","Tips for being more productive for those who frequently procrastinate on personal or professional projects.","278","112","40.3","Stuck putting off that project again? These productivity tips were made for moments like this. Take a look 🚀","Turn put-it-off-later into get-it-done-now with practical tips for personal and professional projects. Start here.","Why do good projects keep slipping to ""tomorrow""? Get practical tips to finally get going. See them now.","Beat Procrastination Today","Why Projects Keep Slipping","Ready To Finally Get Going?","Thank you — we hope you found your Get Going: Overcome Procrastination report valuable.

Understanding why you put things off is a great start, but turning that insight into steady action week after week is where many people get stuck. A coach can help you bridge that gap.

Clearer Thinking Plus includes one-on-one, 45-minute video sessions with an evidence-based coach (drawing on CBT, ACT, and Motivational Interviewing) who builds a personalized plan to help you beat procrastination and make faster progress.

If you'd like support actually getting going, you can learn more here:
https://www.clearerthinking.org/coaching

— The Clearer Thinking Team","Beat The Stall","Why Do We Wait","Start In 5 Minutes","An overhead shot of a single coffee cup beside a to-do list where only the first checkbox glows warm amber against cool muted greys, suggesting the spark of finally starting."
"Uncover Your Guiding Principles","Build a list of simple rules to help you make better decisions, faster.","752","301","40.0","What if a handful of simple rules could guide your toughest calls? Build your personal list and see. Start now 🧭","Make better decisions faster by building a short list of personal rules you can lean on anytime. Try it free.","The best decision-makers rely on simple rules, not endless deliberation. Want to build yours? Start here.","Decide Better And Faster","Build Your Personal Rulebook","What Are Your Real Rules?","Thank you — we hope you found your Uncover Your Guiding Principles report valuable.

Knowing the simple rules that help you decide faster is powerful; living by them consistently, especially under stress or big life choices, is where a coach can help.

Clearer Thinking Plus includes one-on-one, 45-minute video sessions with an evidence-based coach (drawing on CBT, ACT, and Motivational Interviewing) who builds a personalized plan to help you act on your principles and make faster progress toward your goals.

If you'd like a partner in putting your principles into practice, you can learn more here:
https://www.clearerthinking.org/coaching

— The Clearer Thinking Team","Decide Faster","What Rules Run You","Find Your Core 5","A clean compass redrawn as a set of simple labeled arrows on a soft cream background, each pointing a different way, evoking the personal rules that steer choices; modern, editorial, uncluttered."
"Building Happiness Habits","Pair these tried and tested happiness techniques with simple activity triggers to rapidly improve your day-to-day experience.","180","72","40.0","Tiny triggers, tested techniques, better days. Curious how it works? Build your happiness habits now 😊","Pair proven happiness techniques with simple daily triggers to rapidly improve how your days feel. Start free.","What if better days came from small, tested habits instead of big changes? See the approach. Try it now.","Improve Your Day-To-Day","Tiny Triggers, Better Days","Want Happier Daily Habits?","Thank you — we hope you found your Building Happiness Habits report valuable.

Pairing happiness techniques with everyday triggers is a smart way to start; making those habits stick over the long run is where a coach can really help.

Clearer Thinking Plus includes one-on-one, 45-minute video sessions with an evidence-based coach (drawing on CBT, ACT, and Motivational Interviewing) who builds a personalized plan to help you build better routines and make faster progress toward a happier life.

If you'd like help turning these habits into lasting change, you can learn more here:
https://www.clearerthinking.org/coaching

— The Clearer Thinking Team","Build A Happier Day","What Triggers Your Joy","Small Habits Big Lift","A rising row of small potted plants in graduated heights on a sunlit pastel backdrop, the tallest in bright bloom, visualizing tiny daily habits compounding into a brighter mood."
"Is Your Memory Like A Photograph?","Discover whether you retain a faithful representation of the events you witness with these two, quick memory tests.","3607","1441","40.0","Do you really remember events as they happened? Two quick tests reveal more than you'd expect. Find out 🧠","See how faithfully your memory captures what you witness with two fast, eye-opening memory tests. Try them free.","Most people trust their memory completely. These two quick tests might surprise you. Take them now.","Test Your Memory In Minutes","Is Your Memory A Photograph?","How Faithful Is Your Recall?","Thank you — we hope you found your Is Your Memory Like A Photograph? report valuable.

Learning how faithfully you remember events is a fascinating window into how your mind works — and getting curious about your own patterns is often the first step toward bigger personal change.

Clearer Thinking Plus includes one-on-one, 45-minute video sessions with an evidence-based coach (drawing on CBT, ACT, and Motivational Interviewing) who builds a personalized plan to help you make faster progress toward your goals.

If you'd like to keep exploring what makes you tick with a coach in your corner, you can learn more here:
https://www.clearerthinking.org/coaching

— The Clearer Thinking Team","Memory Lies","How Real Is Your Recall","Test Your Memory","A vintage photograph held in hand where the center is crisp but the edges dissolve into pixels and blur, dramatizing how memory feels sharp yet quietly distorts; warm tones, intriguing imperfection."
"When To Stop Exploring","How do you make important life decisions when faced with uncertainty? Learn a simple technique that lets you choose between other options or committing to what you know.","195","76","39.0","Keep searching or commit to what you know? There's a simple technique for that. Curious how it works? Explore now 🧭","Learn a simple technique for making big decisions under uncertainty, so you know when to keep exploring. Start free.","How do you decide when to stop searching and commit? A simple method makes it clearer. See how. Try it now.","Decide Under Uncertainty","When Is Enough Enough?","Keep Exploring Or Commit?","Thank you — we hope you found your When To Stop Exploring report valuable.

Big life decisions under uncertainty are some of the hardest we face, and it helps to have someone thoughtful to think them through with.

Clearer Thinking Plus includes one-on-one, 45-minute video sessions with an evidence-based coach (drawing on CBT, ACT, and Motivational Interviewing) who builds a personalized plan to help you navigate transitions and make faster progress toward your goals.

If you'd like a steady thinking partner for the decisions ahead, you can learn more here:
https://www.clearerthinking.org/coaching

— The Clearer Thinking Team","Know When To Choose","Keep Looking Or Commit","The Optimal Stopping Point","A single figure at a fork of glowing paths fading into fog on a twilight-blue gradient, one path subtly brighter, capturing the tension of a big decision under uncertainty."
"40 Winks: Better Sleep Made Easy","What can you do to achieve the optimal sleep experience? This tool creates a set of personalized recommendations based on your specific situation.","94","36","38.3","Curious what's quietly shaping your sleep? Get recommendations built around your specific situation. Find out 😴","Get personalized sleep recommendations tailored to your situation and make better rest feel easy. Start free.","Why settle for generic sleep advice? This tool tailors recommendations to your specific situation. See yours.","Better Sleep, Made Simple","Sleep Advice Built For You","What's Shaping Your Sleep?","Thank you — we hope you found your 40 Winks: Better Sleep Made Easy report valuable.

You now have personalized recommendations for better sleep; the tricky part is building new routines and sticking with them, especially when stress gets in the way. A coach can help.

Clearer Thinking Plus includes one-on-one, 45-minute video sessions with an evidence-based coach (drawing on CBT, ACT, and Motivational Interviewing) who builds a personalized plan to help you build better routines, ease stress, and make faster progress.

If you'd like support turning better sleep into a lasting habit, you can learn more here:
https://www.clearerthinking.org/coaching

— The Clearer Thinking Team","Sleep Better Tonight","Why Won't You Sleep","Your Custom Sleep Plan","A calm moonlit bedside scene in deep indigo with a soft glowing crescent and a single rumpled pillow, serene and minimal, signaling rest made simple."
"Clearer Thinking Paths","Receive a custom itinerary of educational modules that caters to your personal needs, interests, and goals.","2401","913","38.0","Not sure where to start improving how you think? Get a custom learning path made for you. Take a look 🗺️","Get a personalized itinerary of modules built around your needs, interests, and goals. Start your path free.","What would a learning plan designed entirely around your goals look like? Find out in minutes. Start now.","A Learning Path Made For You","Your Custom Thinking Map","Where Should You Start?","Thank you — we hope you found your Clearer Thinking Paths itinerary valuable.

You now have a custom set of self-improvement modules to work through; having someone alongside you can make the difference between good intentions and real progress.

Clearer Thinking Plus includes one-on-one, 45-minute video sessions with an evidence-based coach (drawing on CBT, ACT, and Motivational Interviewing) who builds a personalized plan to help you follow through and make faster progress toward your goals.

If you'd like a guide for the journey ahead, you can learn more here:
https://www.clearerthinking.org/coaching

— The Clearer Thinking Team","Your Growth Map","Where Should You Begin","One Custom Path","A stylized trail map with branching dotted routes climbing toward a single distant peak on a clean topographic background, suggesting a tailored self-improvement journey; modern infographic feel."
"Emotional Obstacles to Doing Good","If you want to make the world a better place, emotions can both help and hinder your progress.","283","105","37.1","Want to do more good but feel held back? Emotions play a bigger role than you'd think. Explore how 💡","Understand the emotional obstacles that get in the way of doing good, and learn to work with them. Start free.","Can emotions both fuel and block your efforts to help others? This tool explores exactly that. See how.","Do More Good, More Often","The Hidden Pull On Good Work","What's Holding Your Good Back?","Thank you — we hope you found your Emotional Obstacles to Doing Good report valuable.

Noticing the emotions that help or hinder you is real insight; working through the ones that hold you back is often easier with support.

Clearer Thinking Plus includes one-on-one, 45-minute video sessions with an evidence-based coach (drawing on CBT, ACT, and Motivational Interviewing) who builds a personalized plan to help you move past emotional obstacles and make faster progress toward what matters to you.

If you'd like a coach to help you act on your values, you can learn more here:
https://www.clearerthinking.org/coaching

— The Clearer Thinking Team","What Holds You Back","Which Feeling Stops You","The Hidden Block","A single open hand reaching toward a soft glowing light, partly veiled by a translucent grey haze, representing the emotions that help or hinder doing good; quiet, evocative, non-literal."
"Career Fulfillment Diagnostic","Using the Japanese concept of Ikigai, a reason for getting up in the morning, this tool helps you identify which aspects of your career you find fulfilling.","194","69","35.6","What gets you out of bed for work? The Japanese idea of Ikigai helps you find out. Explore yours 🌅","Use the Ikigai framework to pinpoint which parts of your career truly fulfill you. Start the diagnostic free.","Ikigai means ""a reason to get up in the morning."" What's yours at work? Find out now. Try the diagnostic.","Find Career Fulfillment","Discover Your Ikigai At Work","What Drives You At Work?","Thank you — we hope you found your Career Fulfillment Diagnostic report valuable.

Identifying what makes your career fulfilling is a powerful start; turning that clarity into real changes at work, or a bigger transition, is where a coach can help.

Clearer Thinking Plus includes one-on-one, 45-minute video sessions with an evidence-based coach (drawing on CBT, ACT, and Motivational Interviewing) who builds a personalized plan to help you navigate career decisions and make faster progress toward a more meaningful working life.

If you'd like a partner in building a more fulfilling career, you can learn more here:
https://www.clearerthinking.org/coaching

— The Clearer Thinking Team","Find Your Ikigai","Is Your Career Enough","What Makes Work Matter","Four overlapping translucent circles forming a bright shared center on a deep teal background, a clean Ikigai diagram glowing where passion, skill, purpose and pay meet."
"Is It A Cult? (The Cult Assessment Tool)","This tool can be used to tell whether anyone (you or someone you know) is in a harmful cult.","3119","1088","34.9","Wondering if a group crosses the line? This tool helps you assess the warning signs. Take a look 🔍","Get clarity on whether a group you or someone you know is involved in shows the marks of a harmful cult. Start free.","What actually separates a community from a harmful cult? This assessment tool breaks it down. Find out now.","Assess The Warning Signs","Where's The Line On Cults?","Is It A Cult Or Not?","Thank you — we hope you found your Is It A Cult? assessment valuable.

Learning to recognize harmful, high-control dynamics is important — and if you're navigating a difficult group, relationship, or life transition tied to one, you don't have to figure it out alone.

Clearer Thinking Plus includes one-on-one, 45-minute video sessions with an evidence-based coach (drawing on CBT, ACT, and Motivational Interviewing) who builds a personalized plan to help you through transitions, stress, and behavior change so you can make faster progress.

If you'd like a supportive thinking partner, you can learn more here:
https://www.clearerthinking.org/coaching

— The Clearer Thinking Team","Cult Or Community","Could It Be A Cult","Spot The Warning Signs","A tight uniform circle of identical silhouettes facing inward on a stark red-and-black backdrop, one silhouette subtly turned outward, hinting at the line between belonging and control."
"Long-Term Future Quiz","Get a glimpse into the opportunities that may await humanity if we can avoid disasters such as nuclear war and extreme climate change. 11 multiple-choice questions.","145","50","34.5","What could humanity's future hold if we steer clear of disaster? 11 questions offer a glimpse. Take the quiz 🌍","See the opportunities that may await humanity in this quick, perspective-shifting 11-question quiz. Try it free.","Can humanity avoid catastrophe and thrive? This 11-question quiz explores what's possible. Take it now.","Glimpse Humanity's Future","11 Questions On What's Next","What If We Avoid Disaster?","Thank you — we hope you found your Long-Term Future Quiz report valuable.

Thinking hard about humanity's long-term future and big risks often goes hand in hand with wanting to make your own actions count for more.

Clearer Thinking Plus includes one-on-one, 45-minute video sessions with an evidence-based coach (drawing on CBT, ACT, and Motivational Interviewing) who builds a personalized plan to help you turn your priorities into action and make faster progress toward the goals you care about.

If you'd like help channeling that big-picture thinking into real progress, you can learn more here:
https://www.clearerthinking.org/coaching

— The Clearer Thinking Team","The Future Is Yours To Guess","What Awaits Humanity","Test Your Foresight","A long ribbon of road stretching from a small present-day city toward a vast star-filled horizon, scaling humanity's path far into the future; cinematic, awe-inducing, cosmic blues."
"Overconfidence Analyzer","Discover how accurate your confidence levels are likely to be for any skill.","382","126","33.0","How well-calibrated is your confidence on any given skill? This tool helps you find out. Take a look 📊","See how accurate your confidence levels tend to be for any skill, so you can judge yourself more clearly. Start free.","Is your confidence usually right, or off the mark? This analyzer puts it to the test. Find out now.","Check Your Confidence","How Calibrated Are You?","Right Or Just Confident?","Thank you — we hope you found your Overconfidence Analyzer report valuable.

Knowing how well-calibrated your confidence is can sharpen every decision you make — and applying that self-awareness to real goals is often easier with someone to reflect with.

Clearer Thinking Plus includes one-on-one, 45-minute video sessions with an evidence-based coach (drawing on CBT, ACT, and Motivational Interviewing) who builds a personalized plan to help you make better decisions and faster progress toward your goals.

If you'd like a thinking partner to keep you honest and moving forward, you can learn more here:
https://www.clearerthinking.org/coaching

— The Clearer Thinking Team","Are You Too Sure","How Right Are You","Check Your Confidence","A bold percentage dial tilted past full with a small honest marker far below it, on a crisp white background, visualizing the gap between how sure we feel and how accurate we are."
"Biosafety Quiz","Uncover the history of pandemics, test your biosafety knowledge, and learn essential steps to safeguard humanity's future.","795","256","32.2","From past pandemics to future risks, how much do you really know about biosafety? Test it 🦠","Explore the history of pandemics and learn essential steps to help safeguard humanity's future. Take the quiz free.","Could you pass a biosafety quiz on the lessons pandemics taught us? There's one way to know. Take it now.","Test Your Biosafety Smarts","Lessons Pandemics Taught Us","How Much Biosafety Do You Know?","Thank you — we hope you found your Biosafety Quiz report valuable.

Caring about pandemics and biosafety often reflects a deeper drive to make a positive difference — and to turn that drive into steady, focused action.

Clearer Thinking Plus includes one-on-one, 45-minute video sessions with an evidence-based coach (drawing on CBT, ACT, and Motivational Interviewing) who builds a personalized plan to help you set priorities and make faster progress toward the goals that matter to you.

If you'd like support turning your concerns into action, you can learn more here:
https://www.clearerthinking.org/coaching

— The Clearer Thinking Team","How Safe Is The World","Are We Ready For The Next One","Test Your Pandemic IQ","A sleek lab vial backlit in cool clinical blue with a faint world map reflected on its glass, calm and serious, evoking pandemic preparedness without alarm."
"Nuanced Thinking Techniques","Learn to recognize 3 common binary thinking traps and learn the nuanced thinking techniques you can use to combat them.","658","209","31.8","Ever caught yourself thinking in pure black-and-white? There are 3 common traps, and ways out. Explore them 🧠","Learn to spot 3 binary thinking traps and pick up nuanced techniques to think with more clarity. Start free.","Why does the brain default to black-and-white? Learn 3 traps and how to escape them. See the techniques now.","Think Beyond Black And White","3 Hidden Thinking Traps","Stuck In Either-Or Thinking?","Thank you — we hope you found your Nuanced Thinking Techniques report valuable.

Escaping binary-thinking traps is a real skill; applying that nuance to the tough, emotionally charged choices in your own life is where a coach can help.

Clearer Thinking Plus includes one-on-one, 45-minute video sessions with an evidence-based coach (drawing on CBT, ACT, and Motivational Interviewing) who builds a personalized plan to help you think clearly under pressure and make faster progress toward your goals.

If you'd like a partner in thinking things through, you can learn more here:
https://www.clearerthinking.org/coaching

— The Clearer Thinking Team","Escape Black And White","Is It Really Either Or","Think In Full Color","A stark black-and-white scene splitting open to reveal a band of rich gradient color in the gap, dramatizing the move from binary thinking to nuance; striking, minimal, optimistic."
"Practice Self-Compassion","Take a quiz to see how self-compassionate you are, then learn and practice two simple techniques to help develop more self-compassion.","227","70","30.8","Ever wonder how you really talk to yourself? Take this quiz to find out, then pick up two simple techniques. 🌱 Try it free.","Build a kinder inner voice. This quiz shows you where you stand, then teaches two simple techniques to grow self-compassion. Start now.","Would you talk to a friend the way you talk to yourself? Take the quiz and learn two techniques that help. Give it a try.","Grow More Self-Compassion","How Kind Is Your Inner Voice?","Talk To Yourself Like A Friend?","Thank you — we hope you found your Practice Self-Compassion report valuable.

Being kinder to yourself is a real skill, and it can take time and gentle practice to build. If you'd welcome some support along the way, our coaching might help.

Clearer Thinking Plus includes one-on-one 45-minute video sessions with an evidence-based coach (drawing on CBT, ACT, and Motivational Interviewing) who works at your pace to build a personalized plan — no pressure, just steady, supportive progress.

If that sounds helpful, you can learn more here:
https://www.clearerthinking.org/coaching

— The Clearer Thinking Team","Be Kinder To Yourself","What If You Spoke Gently","A 5-Minute Practice","A soft, sunlit close-up of two open hands gently cupping each other against a warm cream background, with a single small green sprout resting in the palms; tender and calm, the negative space and gentle light invite a pause from the harsh inner critic."
"Have Better Conversations with Yourself","Meet and befriend the parts of yourself that drive you. Understand your internal conflicts more clearly with the internal family systems model.","105","32","30.5","What if the parts of you that clash could actually get along? Meet them with the IFS model. 🧩 Explore the tool.","Understand your inner conflicts more clearly and befriend the parts that drive you, using the internal family systems model. Start here.","Ever feel pulled in two directions at once? The IFS model helps you make sense of it. Take a look.","Understand Your Inner Conflicts","Meet The Parts That Drive You","What's Really Pulling At You?","Thank you — we hope you found your Have Better Conversations with Yourself report valuable.

Noticing the different ""parts"" of yourself is a powerful first step; the harder part is working with internal conflicts when they show up in daily life. That's where a little support can go a long way.

Clearer Thinking Plus includes one-on-one 45-minute video sessions with an evidence-based coach (drawing on CBT, ACT, and Motivational Interviewing) who builds a personalized plan to help you make faster progress.

If you're curious, you can learn more here:
https://www.clearerthinking.org/coaching

— The Clearer Thinking Team","Meet Your Inner Voices","Who's Really Talking","End The Inner Tug-Of-War","A clean illustration of a single silhouetted head in profile filled with a few softly colored speech bubbles facing each other, on a muted teal background; the visual metaphor of an internal dialogue sparks curiosity about the parts of you in conversation."
"What Causes Match Your Values?","Find a charity that matches your altruistic priorities and is highly effective at advancing its chosen mission.","209","63","30.1","Curious which cause truly fits your values? This tool matches your priorities to a highly effective charity. 💛 Find yours.","Give where it counts. Match your altruistic priorities to a charity that's highly effective at its mission. Start matching.","Which causes actually line up with what you care about most? Find out and find a charity that delivers. Try the tool.","Match Your Values To A Cause","Which Cause Truly Fits You?","Where Should Your Giving Go?","Thank you — we hope you found your What Causes Match Your Values? report valuable.

Getting clear on what you care about is meaningful, and living in line with those values day to day is its own rewarding challenge. If you'd like help turning your priorities into real progress, coaching can support that.

Clearer Thinking Plus includes one-on-one 45-minute video sessions with an evidence-based coach (drawing on CBT, ACT, and Motivational Interviewing) who builds a personalized plan around your goals.

If that interests you, learn more here:
https://www.clearerthinking.org/coaching

— The Clearer Thinking Team","Find Your Cause","Where Should You Give","Match Your Values","An overhead flat-lay of a hand placing one glowing puzzle piece into a grid of muted gray pieces on a deep navy background; the single lit piece signals the perfect cause-match and draws the eye instantly."
"Become A Great Listener","This tool teaches the skill of Active Listening, a strategy commonly used by therapists, helpline volunteers, and hostage negotiators to help people feel supported and understood.","234","67","28.6","Ever wonder how negotiators get people to open up? It's Active Listening, and you can learn it too. 👂 Start the tool.","Help people feel truly heard. Learn Active Listening, the skill therapists and helpline volunteers rely on. Begin now.","What do therapists and hostage negotiators have in common? Active Listening. Learn the same skill here. Give it a try.","Learn To Truly Listen","The Skill Negotiators Use","Can You Make People Feel Heard?","Thank you — we hope you found your Become A Great Listener report valuable.

Active listening is a skill that deepens over time, and it's often easiest to grow it with feedback and steady practice rather than going it alone. That's something a coach can help with.

Clearer Thinking Plus includes one-on-one 45-minute video sessions with an evidence-based coach (drawing on CBT, ACT, and Motivational Interviewing) who builds a personalized plan to help you make faster progress on the skills that matter to you.

If you'd like to explore it, learn more here:
https://www.clearerthinking.org/coaching

— The Clearer Thinking Team","Most People Can't Listen","Are You Actually Listening","Become Unforgettable","A striking close-up of a single ear rendered against a bold yellow background with delicate sound-wave lines flowing into it; the simplicity and high color contrast stop the scroll and put listening front and center."
"Question Your Identity","Why do you believe what you do? Learn how the way you see yourself influences the beliefs that you choose to hold.","373","105","28.2","Why do you believe what you believe? This tool explores how your self-image shapes your views. 🪞 Start exploring.","See your beliefs more clearly. Learn how the way you see yourself shapes the ideas you hold onto. Begin here.","How much of what you believe comes from who you think you are? Find out with this tool. Take a look.","See How Your Beliefs Form","Why Do You Believe What You Do?","What Shapes The Views You Hold?","Thank you — we hope you found your Question Your Identity report valuable.

Seeing how your self-image shapes your beliefs can open up real possibilities, and putting those insights into action is often easier with support. That's where coaching can help.

Clearer Thinking Plus includes one-on-one 45-minute video sessions with an evidence-based coach (drawing on CBT, ACT, and Motivational Interviewing) who builds a personalized plan to help you make faster progress toward who you want to become.

If that resonates, learn more here:
https://www.clearerthinking.org/coaching

— The Clearer Thinking Team","Who Do You Think You Are","Rethink Your Self-Image","Your Beliefs Lie","A minimalist portrait of a face split down the middle between a mirror reflection and the real face, slightly misaligned, on a moody indigo background; the subtle mismatch teases the gap between self-image and reality."
"Boost Your Productivity","Invest in an effective work style and use our productivity formula to plan your own productivity system that optimizes your time, efficiency, and value.","97","27","27.8","Curious what your ideal work style looks like? Use our productivity formula to design your own system. ⚡ Start now.","Get more from your time. Use our productivity formula to build a system that fits how you actually work. Try it.","What if your productivity system was built around you, not someone else? Design it with our formula. Give it a go.","Design Your Productivity System","Find Your Ideal Work Style","Is Your Work Style Working?","Thank you — we hope you found your Boost Your Productivity report valuable.

Designing a productivity system is the easy part; sticking with it when life gets busy is where most of us struggle. A coach can help you make it stick.

Clearer Thinking Plus includes one-on-one 45-minute video sessions with an evidence-based coach (drawing on CBT, ACT, and Motivational Interviewing) who builds a personalized plan to help you beat procrastination and make faster progress on your goals.

If you'd like support, learn more here:
https://www.clearerthinking.org/coaching

— The Clearer Thinking Team","Build Your System","Stop Just Doing More","One System, Less Chaos","A crisp top-down shot of scattered sticky notes and clutter on the left half transitioning into a clean, organized grid of aligned cards on the right, on a bright white desk; the visual before-and-after promises order from overwhelm."
"Change Behavior for the Better","Based on the Ten Conditions for Change framework, this tool walks you through all the steps required for successfully changing your behavior for the better.","379","103","27.2","Ever wonder why some changes stick and others don't? The Ten Conditions for Change framework explains it. 🔄 Explore it.","Make a change that actually lasts. This tool walks you through every step using the Ten Conditions framework. Start now.","Why do most behavior changes fail? Walk through the conditions that make them stick. Take a look.","Make Change That Lasts","The Science Of Lasting Change","Why Don't Your Changes Stick?","Thank you — we hope you found your Change Behavior for the Better report valuable.

Knowing how behavior change works is one thing; actually making a new habit stick, week after week, is another. That's exactly where a little support can help.

Clearer Thinking Plus includes one-on-one 45-minute video sessions with an evidence-based coach (drawing on CBT, ACT, and Motivational Interviewing) who builds a personalized plan to help you change unhelpful habits and make faster progress.

If you'd like a hand with it, learn more here:
https://www.clearerthinking.org/coaching

— The Clearer Thinking Team","Make It Finally Stick","Why Habits Fail","Change That Lasts","A simple bold graphic of a winding dotted path turning sharply upward toward a small flag, set against a gradient sunrise of orange to soft pink; the clear trajectory upward signals achievable, lasting change."
"Understanding Bayes Theorem","Learn the mathematical rule that governs the way statisticians and scientists handle evidence.","404","107","26.5","Ever wonder how scientists weigh evidence? It comes down to one rule: Bayes' theorem. 🧠 Learn it here.","Think more clearly about evidence. Learn the simple rule statisticians and scientists use to reason. Start now.","What's the one rule behind how scientists update their beliefs? Learn Bayes' theorem. Give it a try.","Learn The Rule Behind Evidence","The Math Scientists Trust","How Do Experts Weigh Evidence?","Thank you — we hope you found your Understanding Bayes Theorem report valuable.

Thinking clearly about evidence is a genuinely useful skill, and applying that same clarity to the decisions and goals in your own life can be just as rewarding. If you'd like support putting clearer thinking into practice, coaching can help.

Clearer Thinking Plus includes one-on-one 45-minute video sessions with an evidence-based coach (drawing on CBT, ACT, and Motivational Interviewing) who builds a personalized plan to help you make faster progress.

If that sounds useful, learn more here:
https://www.clearerthinking.org/coaching

— The Clearer Thinking Team","Think Like A Scientist","Update Your Beliefs","The Math Of Evidence","A clean, elegant chalk-style diagram of overlapping probability circles glowing softly on a deep blackboard-green background; the intriguing formula aesthetic appeals to the curious, analytically minded scroller."
"Rhetorical Fallacies","Bad arguments are all around us. Train yourself to instantly detect common reasoning errors that often go unnoticed.","817","205","25.1","Bad arguments are everywhere. Want to spot them instantly? Train your eye for reasoning errors. 🔍 Start now.","Stop falling for weak arguments. Train yourself to instantly detect the reasoning errors most people miss. Begin here.","How many flawed arguments slip past you every day? Learn to catch them instantly. Take the training.","Spot Bad Arguments Instantly","Catch The Errors Others Miss","Can You Spot A Weak Argument?","Thank you — we hope you found your Rhetorical Fallacies report valuable.

Spotting reasoning errors sharpens how you think, and turning that clarity into better decisions and follow-through in everyday life is its own worthwhile challenge. If you'd like support with that, coaching can help.

Clearer Thinking Plus includes one-on-one 45-minute video sessions with an evidence-based coach (drawing on CBT, ACT, and Motivational Interviewing) who builds a personalized plan to help you make faster progress on your goals.

If you're interested, learn more here:
https://www.clearerthinking.org/coaching

— The Clearer Thinking Team","Spot The Trick","Can You Catch It","13 Sneaky Errors","A bold magnifying glass hovering over a tangle of jumbled arrows and arguments, with one flawed link glowing red, on a stark off-white background; the detective framing invites the viewer to hunt for the flaw."
"The Confrontation Aid","Learn the skills to have an effective confrontation using techniques recommended by experts in conflict resolution.","68","17","25.0","Dreading a tough conversation? Learn how to handle it well with expert conflict-resolution techniques. 🤝 Start here.","Handle hard conversations with confidence. Learn the skills experts use for effective confrontation. Begin now.","What turns a confrontation from a blowup into a breakthrough? Expert techniques. Learn them here.","Handle Confrontation Well","Tough Talks, Done Right","Dreading A Hard Conversation?","Thank you — we hope you found your The Confrontation Aid report valuable.

Planning a difficult conversation is one thing; staying calm and clear when you're actually in it is harder. A bit of support and practice can make those moments go better.

Clearer Thinking Plus includes one-on-one 45-minute video sessions with an evidence-based coach (drawing on CBT, ACT, and Motivational Interviewing) who builds a personalized plan to help you handle stress and tough situations with more confidence.

If you'd like help, learn more here:
https://www.clearerthinking.org/coaching

— The Clearer Thinking Team","Say The Hard Thing","Confront Without Conflict","Prep In Minutes","Two simple chat bubbles facing each other across a calm gap on a soft slate-blue background, one bubble steady and grounded; the restrained, balanced composition signals a tough talk handled with poise."
"Program Yourself to Improve Your Life","Train yourself to implement positive actions in your day-to-day life with simple if-then rules.","287","71","24.7","Curious how tiny rules can reshape your day? Use simple if-then plans to build better habits. ⚙️ Try it.","Turn good intentions into action. Use simple if-then rules to build positive habits into your day. Start now.","What if one if-then rule could change your daily routine? Learn how it works. Give it a try.","Build Habits With If-Then Rules","Program Your Daily Actions","Can A Simple Rule Change Your Day?","Thank you — we hope you found your Program Yourself to Improve Your Life report valuable.

If-then habits are a great foundation, and building them into routines that truly last is often easier with someone in your corner. That's where coaching comes in.

Clearer Thinking Plus includes one-on-one 45-minute video sessions with an evidence-based coach (drawing on CBT, ACT, and Motivational Interviewing) who builds a personalized plan to help you create better routines and make faster progress.

If that sounds helpful, learn more here:
https://www.clearerthinking.org/coaching

— The Clearer Thinking Team","If This, Then Better","Hack Your Habits","Rewire One Trigger","A clean flowchart-style graphic with a glowing arrow connecting an 'if' tile to a 'then' tile on a dark plum background; the code-like, programmable aesthetic makes self-improvement feel designable and precise."
"Explanation Freeze","How do you interpret uncertain events? This mini-course teaches you how to look past your first explanation and get closer to the truth.","415","102","24.6","Ever lock onto your first explanation and stop thinking? This mini-course shows you how to dig deeper. 🧊 Start now.","Get closer to the truth. This mini-course teaches you to look past your first explanation of uncertain events. Begin here.","How often is your first explanation the wrong one? Learn to look past it. Take the mini-course.","Look Past Your First Guess","Why Your First Answer Misleads","Stuck On Your First Explanation?","Thank you — we hope you found your Explanation Freeze report valuable.

Looking past your first explanation of events is a powerful habit, and applying it to the patterns and choices in your own life is where it really pays off. If you'd like support doing that, coaching can help.

Clearer Thinking Plus includes one-on-one 45-minute video sessions with an evidence-based coach (drawing on CBT, ACT, and Motivational Interviewing) who builds a personalized plan to help you make faster progress toward your goals.

If you're curious, learn more here:
https://www.clearerthinking.org/coaching

— The Clearer Thinking Team","Your First Guess Is Wrong","Look Past The Obvious","What Are You Missing","A single iceberg with a tiny tip above a teal waterline and a vast mass below, on a gradient ocean background; the classic 'more beneath the surface' metaphor pulls the eye downward and teases hidden explanations."
"World's Biggest Problems Quiz","Test your knowledge of some of the world's most pressing problems: global health, animal welfare, and existential risks to humanity.","2090","499","23.9","How much do you really know about the world's biggest problems? Test yourself on global health, animal welfare and more. 🌍 Take the quiz.","Sharpen your understanding of what matters most. Test your knowledge of the world's most pressing problems. Start now.","Could you pass a quiz on humanity's biggest challenges? Find out across global health, animal welfare and existential risks. Try it.","Test Your World-Problems IQ","How Much Do You Really Know?","Could You Pass This Quiz?","Thank you — we hope you found your World's Biggest Problems Quiz report valuable.

Caring about big problems often goes hand in hand with wanting to make a meaningful difference with your own time and energy. If you'd like support channeling that into real progress, coaching can help.

Clearer Thinking Plus includes one-on-one 45-minute video sessions with an evidence-based coach (drawing on CBT, ACT, and Motivational Interviewing) who builds a personalized plan to help you make faster progress on the goals that matter to you.

If that interests you, learn more here:
https://www.clearerthinking.org/coaching

— The Clearer Thinking Team","What Matters Most","Rank The Big Ones","Test Your Worldview","A bold stylized globe made of small overlapping issue-icons in muted earth tones on a deep space-blue background; the planetary scale and quiz framing invite the viewer to weigh what truly matters."
"The Question of Evidence","There is more to interpreting evidence than you might think. Learn to improve your predictions by understanding evidence on a deeper level using Bayes' rule.","772","183","23.7","There's more to evidence than meets the eye. Learn to read it deeper with Bayes' rule. 🔬 Explore the tool.","Make better predictions. Learn to interpret evidence on a deeper level using Bayes' rule. Start here.","Are you reading evidence the right way? There's more to it than you'd think. Take a look.","Read Evidence More Deeply","More To Evidence Than You Think","Are You Reading Evidence Right?","Thank you — we hope you found your The Question of Evidence report valuable.

Interpreting evidence more deeply is a valuable habit, and bringing that same thoughtfulness to the decisions and goals in your own life is its own rewarding practice. If you'd like support with that, coaching can help.

Clearer Thinking Plus includes one-on-one 45-minute video sessions with an evidence-based coach (drawing on CBT, ACT, and Motivational Interviewing) who builds a personalized plan to help you make faster progress.

If that sounds useful, learn more here:
https://www.clearerthinking.org/coaching

— The Clearer Thinking Team","Read Evidence Deeper","How Strong Is Proof","Think Past The Headline","A layered stack of translucent document cards fanned out with a magnifying lens resting on the top one, on a clean light-gray background; the depth of stacked layers signals looking beneath the surface of claims."
"Managing Arguments in Relationships","Learn how to navigate arguments effectively and kindly using a situation of your choosing.","96","22","22.9","Wish your arguments ended better? Work through a real situation and learn to navigate it kindly. 💬 Try the tool.","Argue better, stay close. Learn to navigate disagreements effectively and kindly, using your own situation. Start now.","What if arguments could bring you closer instead of further apart? Learn how. Give it a try.","Navigate Arguments Kindly","Argue Without The Fallout","Could Your Arguments End Better?","Thank you — we hope you found your Managing Arguments in Relationships report valuable.

Knowing how to navigate arguments kindly is one thing; staying grounded in the heat of a real disagreement is harder. A little support can help you put these skills into practice.

Clearer Thinking Plus includes one-on-one 45-minute video sessions with an evidence-based coach (drawing on CBT, ACT, and Motivational Interviewing) who builds a personalized plan to help you handle stress and tough conversations with more calm and confidence.

If you'd like help, learn more here:
https://www.clearerthinking.org/coaching

— The Clearer Thinking Team","Fight Fair","Argue Without Wounds","Turn Fights Into Trust","Two intertwined abstract rope-like lines in warm coral and soft blue easing from a tight knot into a gentle weave, on a warm neutral background; the visual softening from tension to connection feels hopeful, not heavy."
"Design Your Own Self-Experiment","Devise informal experiments for improving your everyday experience and personal routines, with a little help from this handy tool.","140","32","22.9","What if you tested small tweaks to your routine like a scientist? This free tool helps you design simple personal experiments. Try it 🔬","Stop guessing what works for you. Build informal experiments that turn everyday tweaks into real improvements. Start designing yours.","Why run on autopilot when you could test what actually makes your days better? Design your first self-experiment today.","Improve Your Routine, Tested","The Self-Experiment Tool","Ready To Test What Works?","Thank you — we hope you found your Design Your Own Self-Experiment report valuable.

Running small experiments on your own routines is a powerful start, and sometimes it helps to have someone in your corner as you test, adjust, and stick with the changes that work.

That's where Clearer Thinking Plus comes in. In our Navigator tier, you get one-on-one 45-minute video sessions with an evidence-based coach (drawing on CBT, ACT, and Motivational Interviewing) who builds a personalized plan to help you make faster progress toward your goals.

Curious? Learn more here: https://www.clearerthinking.org/coaching

— The Clearer Thinking Team","Be Your Own Lab","What If You Tested It","Run The Experiment","A clean overhead flat-lay of a single white lab beaker holding not liquid but a tiny everyday scene (a coffee cup, a sneaker, a sleep mask) on a bright pastel background, blending science with daily life. The unexpected mashup of lab glassware and ordinary objects stops the scroll and signals self-experimentation."
"Reframing Negative Emotions","Learn how to reframe the way you experience upsetting situations, how to find alternatives to self-criticism, and how to move forward.","148","33","22.3","Ever wonder why the same situation can feel crushing one day and fine the next? Explore how reframing works in this free tool. Take a look 💭","Find alternatives to self-criticism and learn to move forward from upsetting moments. This free guide shows you how. Begin now.","What if upsetting situations didn't have to derail your whole day? Learn the reframing techniques inside.","A New Way To See Hard Moments","Reframe, Don't Replay","Tired Of Replaying Setbacks?","Thank you — we hope you found your Reframing Negative Emotions report valuable.

Learning to reframe upsetting situations and ease up on self-criticism is real work, and it's often easier with steady support than on your own.

That's where Clearer Thinking Plus comes in. In our Navigator tier, you get one-on-one 45-minute video sessions with an evidence-based coach (drawing on CBT, ACT, and Motivational Interviewing) who builds a personalized plan to help you make faster progress toward your goals.

Curious? Learn more here: https://www.clearerthinking.org/coaching

— The Clearer Thinking Team","Same Storm New Lens","What If It Helped","Flip The Feeling","A split-frame image of stormy gray clouds on one side that resolve into a calm golden sunrise on the other, viewed through a clean translucent lens shape in the center. The visible transformation from dark to light through a single lens conveys reframing without words."
"The Planning Fallacy","Ever notice that projects usually take longer than people predict? Understand the science behind this phenomenon and become a more reliable planner.","334","73","21.9","Ever notice projects always take longer than planned? There's a name for it. Discover the science of the planning fallacy. Explore it 🕒","Become a more reliable planner by understanding why estimates miss. This free tool breaks down the science. Start learning.","Why do people underestimate timelines again and again? The research has an answer. See it for yourself.","Plan Timelines You Can Trust","The Reason Projects Run Late","Always Running Behind Schedule?","Thank you — we hope you found your The Planning Fallacy report valuable.

Knowing why projects run long is one thing; consistently planning in a way that holds up is another, and a bit of accountability can make all the difference.

That's where Clearer Thinking Plus comes in. In our Navigator tier, you get one-on-one 45-minute video sessions with an evidence-based coach (drawing on CBT, ACT, and Motivational Interviewing) who builds a personalized plan to help you make faster progress toward your goals.

Curious? Learn more here: https://www.clearerthinking.org/coaching

— The Clearer Thinking Team","Why You're Always Late","Plan Like A Pro","Beat The Deadline","A minimalist desk calendar where a single bright deadline circle has clearly been crossed out and moved several days later with a hand-drawn arrow, on a bold solid-color background. The relatable visual of a slipping deadline triggers instant recognition."
"Your Quarterly Life Review","Most of us can benefit from regularly reflecting on our lives, but few people make the time to do so. This tool is designed to make that easier.","387","82","21.2","When did you last step back and reflect on the big picture? This free tool makes a quarterly life review simple. Try it 🪞","Make space to reflect on your life regularly, without the overwhelm. This guided review makes it easy. Start yours now.","Most people never make time to reflect, even though most of us benefit from it. Why not start this quarter?","A Simple Quarterly Reflection","The Review Few People Make","When Did You Last Reflect?","Thank you — we hope you found your Your Quarterly Life Review report valuable.

Reflecting on your life is most useful when those insights turn into real change, and having someone to think it through with can help you act on what you've noticed.

That's where Clearer Thinking Plus comes in. In our Navigator tier, you get one-on-one 45-minute video sessions with an evidence-based coach (drawing on CBT, ACT, and Motivational Interviewing) who builds a personalized plan to help you make faster progress toward your goals.

Curious? Learn more here: https://www.clearerthinking.org/coaching

— The Clearer Thinking Team","Audit Your Life","Where Are You Headed","90 Days In Focus","A tidy overhead shot of an open notebook with a clean four-quadrant grid drawn on the page, a single pen resting on it, on a warm muted-toned desk. The calm, organized journaling aesthetic invites reflective viewers to pause and look inward."
"Defining Emotions","This tool helps you reflect on the meaning of the words we use to describe emotions and the sensations that accompany them, to help you better articulate how you feel.","185","38","20.5","Ever struggle to name exactly what you're feeling? This free tool helps you explore the words behind emotions. Take a look 💬","Articulate how you feel with more precision by reflecting on the words and sensations behind emotions. Start exploring now.","What's the real difference between frustrated and disappointed? Explore the meaning behind emotion words.","Put Words To How You Feel","The Words Behind Emotions","Hard To Name What You Feel?","Thank you — we hope you found your Defining Emotions report valuable.

Putting more precise words to how you feel is a meaningful skill, and it can open the door to working through stress and low mood with a little support.

That's where Clearer Thinking Plus comes in. In our Navigator tier, you get one-on-one 45-minute video sessions with an evidence-based coach (drawing on CBT, ACT, and Motivational Interviewing) who builds a personalized plan to help you make faster progress toward your goals.

Curious? Learn more here: https://www.clearerthinking.org/coaching

— The Clearer Thinking Team","Name What You Feel","Can You Describe It","Beyond Just Fine","A grid of subtly different solid color swatches fading between similar shades, like a paint chip card, with most blank and one quietly labeled. The visual of near-identical colors mirrors the difficulty of distinguishing emotions and is oddly satisfying to look at."
"Step Back From Your Thoughts","Get out of your head by learning an evidence-based therapeutic technique called cognitive defusion.","2694","545","20.2","Ever feel stuck in your own head? Learn cognitive defusion, an evidence-based technique to step back. Try it free 🧠","Get out of your head and create space from spiraling thoughts using a proven therapeutic technique. Start learning now.","What if you could observe a thought instead of being swept up in it? Explore cognitive defusion inside.","Create Space From Your Thoughts","The Technique Called Defusion","Stuck Inside Your Own Head?","Thank you — we hope you found your Step Back From Your Thoughts report valuable.

Getting some distance from your thoughts is a skill worth practicing, and it's one a coach can help you strengthen and apply when stress or worry creeps in.

That's where Clearer Thinking Plus comes in. In our Navigator tier, you get one-on-one 45-minute video sessions with an evidence-based coach (drawing on CBT, ACT, and Motivational Interviewing) who builds a personalized plan to help you make faster progress toward your goals.

Curious? Learn more here: https://www.clearerthinking.org/coaching

— The Clearer Thinking Team","Watch Your Thoughts Pass","Are You Your Thoughts","Create Some Distance","A single person silhouette seated calmly on a bench watching a stream of soft translucent speech bubbles drift past like clouds against a serene gradient sky. The peaceful detachment from floating thoughts visually captures cognitive defusion."
"The Hidden Meaning of Sounds","Learn about how certain sounds can have a particular connotation or meaning by finding out what sound fits your personality best.","169","33","19.5","Did you know certain sounds carry hidden meanings? Find out which sound fits you best in this free tool. Discover it 🔊","Explore the surprising connotations behind everyday sounds and find the one that matches you. Start the tool now.","Why do some sounds feel sharp and others soft? There's a pattern, and it might match your personality. See it.","Find The Sound That Fits You","Sounds Have Hidden Meanings","Which Sound Matches You?","Thank you — we hope you found your The Hidden Meaning of Sounds report valuable.

Exploring how sounds carry meaning is a fun window into how our minds work, and if it's left you curious about understanding yourself more deeply, support can help.

That's where Clearer Thinking Plus comes in. In our Navigator tier, you get one-on-one 45-minute video sessions with an evidence-based coach (drawing on CBT, ACT, and Motivational Interviewing) who builds a personalized plan to help you make faster progress toward your goals.

Curious? Learn more here: https://www.clearerthinking.org/coaching

— The Clearer Thinking Team","Sounds Reveal You","What Does This Sound Mean","Listen Closer","An abstract close-up of a vivid colorful sound waveform rendered as flowing liquid ribbons against a dark moody background, hinting at hidden depth. The mesmerizing colored sound wave is unusual and curiosity-evoking in a feed of faces and text."
"What to Know About Suicide","Tips on how to recognize if someone is at risk of suicide and advice on how to speak to them about it from experts in suicide prevention.","98","19","19.4","Would you know what to say if someone you love was struggling? Learn from suicide-prevention experts in this free guide. Read it.","Learn how to recognize the signs and start a caring conversation, with guidance from prevention experts. Start reading now.","Could you spot the signs that someone is at risk? Experts share what to look for and how to talk about it.","Know How To Help Someone","Guidance From Prevention Experts","Would You Know What To Say?","Thank you — we hope you found your What to Know About Suicide report valuable, and we appreciate you taking the time to learn how to support the people around you.

Caring for others can be heavy, and looking after your own wellbeing matters too. If you're navigating stress, a difficult period, or low mood, it can help to have someone to talk things through with.

Clearer Thinking Plus offers that kind of support. In our Navigator tier, you get one-on-one 45-minute video sessions with an evidence-based coach (drawing on CBT, ACT, and Motivational Interviewing) who builds a personalized plan around what matters to you.

Learn more here: https://www.clearerthinking.org/coaching

— The Clearer Thinking Team","Learn To Be There","Could You Spot It","Words That Help","Two simple paper-cut style figures, one reaching a gentle steady hand toward the other, in soft warm supportive tones with plenty of calm negative space. The quiet, hopeful gesture of support frames the topic around helping others without any distressing imagery."
"Daily Ritual: A Habit Creation System","This tool builds you a custom habit-formation strategy in three simple steps, so you can change your daily routine for the better.","838","159","19.0","Ever wonder why some habits stick and others fade? This free tool builds a custom plan in three steps. Try it ✨","Change your daily routine for the better with a habit strategy built just for you, in three simple steps. Start now.","Why rely on willpower when a custom system can do the heavy lifting? Build your habit plan in three steps.","Build Habits That Actually Stick","Your Custom Habit System","Why Don't Habits Stick?","Thank you — we hope you found your Daily Ritual: A Habit Creation System report valuable.

Designing a habit system is a great first step, and the follow-through is often easier with someone helping you stay on track and adjust as you go.

That's where Clearer Thinking Plus comes in. In our Navigator tier, you get one-on-one 45-minute video sessions with an evidence-based coach (drawing on CBT, ACT, and Motivational Interviewing) who builds a personalized plan to help you make faster progress toward your goals.

Curious? Learn more here: https://www.clearerthinking.org/coaching

— The Clearer Thinking Team","Build It To Stick","What's Your Daily Ritual","One Habit Daily","A clean overhead of a vertical row of small checkboxes climbing a calendar week, most neatly ticked in a single bold accent color, on a crisp light background. The satisfying visual streak of completed days taps into the universal pull of an unbroken habit chain."
"Enhancing Creativity","This module teaches simple techniques to help you form new creative habits and applications.","102","19","18.6","Curious how creativity can become a habit, not a fluke? Learn simple techniques in this free module. Explore it 🎨","Form new creative habits with simple, practical techniques you can apply right away. Start the module now.","What if creativity were a skill you could practice, not a gift you're born with? Try these techniques.","Make Creativity A Daily Habit","Simple Ways To Create More","Is Creativity Really A Skill?","Thank you — we hope you found your Enhancing Creativity report valuable.

Building new creative habits takes consistency, and a bit of structure and encouragement can help you keep them going when motivation dips.

That's where Clearer Thinking Plus comes in. In our Navigator tier, you get one-on-one 45-minute video sessions with an evidence-based coach (drawing on CBT, ACT, and Motivational Interviewing) who builds a personalized plan to help you make faster progress toward your goals.

Curious? Learn more here: https://www.clearerthinking.org/coaching

— The Clearer Thinking Team","Unlock Your Best Ideas","Where Do Ideas Come From","Spark It Daily","A single ordinary lightbulb reimagined with a small leafy green plant growing inside it instead of a filament, on a clean bright background. The unexpected organic growth inside a bulb makes creativity feel cultivable rather than magical."
"The Sunk Cost Fallacy","When we have invested heavily in a project, it can be difficult to evaluate it objectively. Learn about why this happens and how to combat it.","211","38","18.0","Ever stuck with something just because you'd already put so much in? That's the sunk cost fallacy. Explore it free 🎯","Learn to evaluate your projects objectively and stop letting past investment cloud your decisions. Start learning now.","Why is it so hard to walk away from something we've sunk time into? The research explains, and shows what helps.","Make Clearer Decisions","The Trap Of Past Investment","Hard To Walk Away?","Thank you — we hope you found your The Sunk Cost Fallacy report valuable.

Seeing past what you've already invested is hard in the moment, and having someone to think through tough decisions with can help you choose more objectively.

That's where Clearer Thinking Plus comes in. In our Navigator tier, you get one-on-one 45-minute video sessions with an evidence-based coach (drawing on CBT, ACT, and Motivational Interviewing) who builds a personalized plan to help you make faster progress toward your goals.

Curious? Learn more here: https://www.clearerthinking.org/coaching

— The Clearer Thinking Team","Stop Throwing Good After Bad","When To Walk Away","Cut Your Losses","A clean conceptual shot of a hand letting go of a frayed rope mid-air against a wide minimalist sky-blue backdrop, the rope falling away. The decisive act of releasing something held onto visually nails the moment of cutting losses."
"The Relationship Review","Examine different aspects of your relationship with a partner, close friend, or family member using an open, non-judgmental approach.","349","61","17.5","When did you last really reflect on an important relationship? This free tool guides an open review. Try it 💞","Examine a relationship with a partner, friend, or family member through an open, non-judgmental lens. Start your review.","What might you notice if you looked at a key relationship without judgment? This guided review shows you.","Reflect On A Key Relationship","An Open, Honest Review","How Healthy Is That Bond?","Thank you — we hope you found your The Relationship Review report valuable.

Looking at a relationship without judgment can surface a lot, and it often helps to have a supportive space to make sense of what you've learned and decide what's next.

That's where Clearer Thinking Plus comes in. In our Navigator tier, you get one-on-one 45-minute video sessions with an evidence-based coach (drawing on CBT, ACT, and Motivational Interviewing) who builds a personalized plan to help you make faster progress toward your goals.

Curious? Learn more here: https://www.clearerthinking.org/coaching

— The Clearer Thinking Team","Look At It Honestly","Is It Really Working","Audit Your Bond","Two simple ceramic coffee cups on a clean table connected by a single thin thread, one cup slightly turned away, in warm minimal tones. The quiet tension between two everyday cups invites viewers to examine their own connections."
"Mood Boosters","Brighten your disposition fast with scientifically-tested exercises that can improve your mood and dispel the blues.","447","78","17.4","Looking for a quick lift on a gray day? Try these scientifically-tested mood-boosting exercises. Start now ☀️","Brighten your disposition fast with simple, science-backed exercises designed to lift your mood. Try them today.","What if a few science-tested exercises could shift your mood in minutes? See what they are.","Lift Your Mood, Fast","Science-Tested Mood Boosters","Need A Quick Lift Today?","Thank you — we hope you found your Mood Boosters report valuable.

Quick exercises can lift your day, and if you'd like more lasting support with stress or low mood, working with someone regularly can help.

That's where Clearer Thinking Plus comes in. In our Navigator tier, you get one-on-one 45-minute video sessions with an evidence-based coach (drawing on CBT, ACT, and Motivational Interviewing) who builds a personalized plan to help you make faster progress toward your goals.

Curious? Learn more here: https://www.clearerthinking.org/coaching

— The Clearer Thinking Team","Lift Your Mood Fast","Need A Quick Boost","Five Minute Reset","A burst of warm sunshine-yellow and coral confetti-like shapes radiating outward from the center against a soft sky background, energetic but clean. The cheerful explosion of warm color is an instant emotional contrast in a muted feed."
"Life Changing Questions","Answer these open-ended questions (alone or with others) to learn new, important insights about yourself.","1620","265","16.4","What would the right question reveal about you? Answer these open-ended prompts and find out. Explore them free 💡","Learn new, important insights about yourself with open-ended questions you can answer alone or with others. Start now.","Could a handful of questions change how you see yourself? Try them solo or with someone you trust.","Discover New Things About You","Questions That Spark Insight","What Don't You Know Yet?","Thank you — we hope you found your Life Changing Questions report valuable.

Big, open-ended questions can spark real insight, and a coach can help you carry those reflections into the changes you want to make.

That's where Clearer Thinking Plus comes in. In our Navigator tier, you get one-on-one 45-minute video sessions with an evidence-based coach (drawing on CBT, ACT, and Motivational Interviewing) who builds a personalized plan to help you make faster progress toward your goals.

Curious? Learn more here: https://www.clearerthinking.org/coaching

— The Clearer Thinking Team","One Question Changes Everything","What Would You Answer","Ask Yourself This","A single bold oversized question mark formed out of a winding road or path, photographed from above on a minimal textured landscape. The road shaped like a question turns introspection into a journey and reads instantly at thumbnail size."
"What Makes an Effective Goal?","Powered by discoveries from the science of motivation and built by a world expert, this tool teaches you how to set the most effective goals.","215","35","16.3","Ever set a goal that just fizzled out? Learn what makes goals actually effective, from the science of motivation. Explore it 🎯","Learn to set the most effective goals using insights from the science of motivation, built by a world expert. Start now.","Why do some goals stick while others vanish? A world expert and the science of motivation have answers. See them.","Set Goals That Actually Work","The Science Of Better Goals","Why Do Your Goals Fizzle?","Thank you — we hope you found your What Makes an Effective Goal? report valuable.

Setting an effective goal is the start; making steady progress on it is where support really pays off.

That's where Clearer Thinking Plus comes in. In our Navigator tier, you get one-on-one 45-minute video sessions with an evidence-based coach (drawing on CBT, ACT, and Motivational Interviewing) who builds a personalized plan to help you make faster progress toward your goals.

Curious? Learn more here: https://www.clearerthinking.org/coaching

— The Clearer Thinking Team","Set Goals That Stick","Is Your Goal Any Good","Aim Smarter","A clean archery target with a single arrow landing dead center, shot tight and crisp against a bold solid accent-color wall. The classic bullseye is universally legible and signals precision and goal-setting at a glance."
"Flexible Thinking","Learn a flexible thinking technique to help when you find yourself stressed, upset, or not thinking as clearly or objectively as you'd like.","633","93","14.7","Ever notice how a stressful moment can cloud your thinking? 🧠 There's a simple technique for seeing things more clearly. Try it free.","Stay calm and think clearly under pressure. This free flexible-thinking technique helps you respond more objectively when it counts. Give it a go.","What if one mental shift could change how you handle stress? Our free flexible-thinking tool shows you how. Explore it now.","Think Clearly Under Pressure","The 2-Minute Mental Reset","Stressed Thinking Got You Stuck?","Thank you — we hope you found your Flexible Thinking report valuable.

Learning to reframe a stressful moment is a real skill, and it gets even more powerful when you practice it with someone in your corner. That's where coaching can help.

Through Clearer Thinking Plus, you can meet one-on-one with an evidence-based coach (drawing on CBT, ACT, and Motivational Interviewing) over 45-minute video calls. Together you'll build a personalized plan to handle stress more flexibly and make faster progress toward your goals.

If you'd like steadier support, you can learn more here:
https://www.clearerthinking.org/coaching

— The Clearer Thinking Team","Stress, Reframed","One Thought Away","Try This 30-Second Reset","A single sturdy tree bending gracefully in a strong wind against a calm sky-blue background, with the wind visualized as soft flowing lines. The contrast of strength and bend reads instantly as 'flexibility under pressure' and stops the scroll with its clean, poetic minimalism."
"Learning From Mistakes","Learning from mistakes is challenging. Try our approach and you can rebound from your mistakes and carry on as an even better person.","403","56","13.9","Why do some mistakes haunt us while others teach us? Discover an approach to turn slip-ups into growth. Try it free.","Bounce back from mistakes and come out stronger. This free tool gives you a clear approach to learn and move forward. Start now.","Most people replay their mistakes. Few learn from them. 💡 Here's a better approach. See how it works.","Bounce Back From Mistakes","The Art of the Comeback","Still Replaying That Mistake?","Thank you — we hope you found your Learning From Mistakes report valuable.

Bouncing back from a misstep is hard to do alone, especially when self-criticism creeps in. A coach can help you turn those moments into momentum instead of setbacks.

With Clearer Thinking Plus, you'll meet one-on-one with an evidence-based coach (drawing on CBT, ACT, and Motivational Interviewing) over 45-minute video calls, building a personalized plan to learn, recover, and keep moving toward your goals.

If that sounds useful, you can learn more here:
https://www.clearerthinking.org/coaching

— The Clearer Thinking Team","Bounce Back Faster","What Mistakes Teach","Turn Slip-Ups Into Wins","A close-up of a crumpled paper ball mid-air, caught right as it unfolds back into a smooth sheet, shot against a bold solid background. The reversal motion sparks curiosity and visually promises recovery without any cliche imagery."
"Effective Trust Repair","Learn how to repair your relationships by constructing or requesting effective apologies.","126","15","11.9","Ever wonder why some apologies land and others fall flat? There's a formula for it. Discover it free.","Rebuild trust and mend relationships with apologies that actually work. This free guide shows you how. Try it now.","A weak apology can do more harm than none at all. 🤝 Learn how to construct ones that truly repair. Explore the tool.","Repair Trust That Matters","The Apology That Works","Is Your Apology Falling Flat?","Thank you — we hope you found your Effective Trust Repair report valuable.

Repairing an important relationship often brings up real emotion, and having someone help you navigate it can make all the difference.

Through Clearer Thinking Plus, you can meet one-on-one with an evidence-based coach (drawing on CBT, ACT, and Motivational Interviewing) over 45-minute video calls. Together you'll build a personalized plan to communicate, mend, and strengthen the relationships that matter most to you.

If you'd like support with this, you can learn more here:
https://www.clearerthinking.org/coaching

— The Clearer Thinking Team","Fix What Broke","Can Sorry Work","The Science Of Apology","Two ceramic halves of a single cup floating just before they reconnect, with a thin glowing gold seam between them in kintsugi style on a moody dark backdrop. The almost-mended break is beautiful and tense, pulling the eye to see if it joins."
"Surpass Self-Limiting Beliefs","False or exaggerated beliefs about ourselves can hold us back and harm our relationships. Learn to overcome them with three simple strategies!","359","39","10.9","Ever wonder which beliefs might be quietly holding you back? Three simple strategies can help. Discover them free.","Move past beliefs that limit you and grow with confidence. This free tool offers three clear strategies. Start today.","Could an old belief be shaping your choices today? 💭 Learn three strategies to challenge it. See how.","Move Past What Limits You","3 Strategies, Fewer Limits","What's Quietly Holding You Back?","Thank you — we hope you found your Surpass Self-Limiting Beliefs report valuable.

Naming the beliefs that hold you back is a big first step; loosening their grip for good is often easier with a guide alongside you.

With Clearer Thinking Plus, you'll meet one-on-one with an evidence-based coach (drawing on CBT, ACT, and Motivational Interviewing) over 45-minute video calls, building a personalized plan to move past those beliefs and make faster progress toward your goals.

If you're ready to go further, you can learn more here:
https://www.clearerthinking.org/coaching

— The Clearer Thinking Team","Break The Ceiling","What's Holding You Back","Outgrow Your Limits","A figure-shaped silhouette pressing a hand up through a low glass ceiling that is cracking into light, set against a deep gradient sky. The crack of light breaking through is dramatic and aspirational without being preachy."
"How Other People Can Make You Irrational","Discover how the social aspects of our lives cause us to act in all sorts of irrational ways, and what you can do about it!","825","84","10.2","Ever act differently just because others were watching? 👀 Discover how social pressure shapes your choices. Explore it free.","Make sharper decisions, even in a crowd. This free tool reveals how social dynamics sway us and what to do about it. Try it.","Why do smart people make irrational choices around others? The answer is fascinating. Find out now.","Outsmart Social Pressure","The Crowd Effect Explained","Do Others Sway Your Choices?","Thank you — we hope you found your How Other People Can Make You Irrational report valuable.

Spotting how social pressure shapes your choices is one thing; thinking clearly under it, day to day, is where a coach can really help.

Through Clearer Thinking Plus, you can meet one-on-one with an evidence-based coach (drawing on CBT, ACT, and Motivational Interviewing) over 45-minute video calls. Together you'll build a personalized plan to make decisions that reflect your own values and goals.

If you'd like a thinking partner, you can learn more here:
https://www.clearerthinking.org/coaching

— The Clearer Thinking Team","The Crowd Effect","Who's Steering You","Spot The Invisible Pull","A single bright arrow pointing one way while a dense crowd of gray arrows all point the other, on a clean white canvas. The lone standout against the herd instantly conveys social pressure and stops the scroll with simple visual tension."
"The Belief Challenger","Our beliefs determine our behaviors and how we interact with others. Use this program to refine your beliefs and form more accurate views.","473","44","9.3","Ever wonder how accurate your everyday beliefs really are? This program helps you refine them. Try it free.","Form clearer, more accurate views and act with confidence. This free program helps you sharpen your beliefs. Start now.","Your beliefs shape everything you do. 🔍 So how well have you examined them? Use this tool to find out.","Sharpen How You See Things","Put Your Beliefs to the Test","How Accurate Are Your Beliefs?","Thank you — we hope you found your The Belief Challenger report valuable.

Refining your beliefs to see things more accurately is a powerful habit, and it's even easier to build with someone who helps you apply it to the real choices in your life.

With Clearer Thinking Plus, you'll meet one-on-one with an evidence-based coach (drawing on CBT, ACT, and Motivational Interviewing) over 45-minute video calls, building a personalized plan to think clearly and make faster progress toward your goals.

If that appeals to you, you can learn more here:
https://www.clearerthinking.org/coaching

— The Clearer Thinking Team","Is It Actually True","Stress-Test Your Mind","Beliefs On Trial","A magnifying glass hovering over a thought-bubble, with the part inside the lens appearing sharper and more detailed than the blurry rest, against a soft neutral background. The clarity-inside-the-lens metaphor evokes scrutiny and curiosity."
"Craft Perfect Compliments","Learn a formula for creating a successful compliment, practice formulating compliments that build connections, and feel less awkward sharing positive comments.","2216","196","8.8","Ever freeze up trying to give a compliment? 😅 There's actually a formula for it. Learn it free.","Give compliments that build real connection, without the awkwardness. This free tool teaches you a simple formula. Try it.","Why do some compliments spark a smile and others feel hollow? It comes down to a formula. Discover it now.","Compliments That Connect","The Formula for Kind Words","Compliments Feel Awkward?","Thank you — we hope you found your Craft Perfect Compliments report valuable.

Small, genuine words can build real connection, and strengthening how you relate to others is something a coach can help you work on more broadly.

Through Clearer Thinking Plus, you can meet one-on-one with an evidence-based coach (drawing on CBT, ACT, and Motivational Interviewing) over 45-minute video calls. Together you'll build a personalized plan to deepen your relationships and make progress on the goals that matter to you.

If you'd like to explore that, you can learn more here:
https://www.clearerthinking.org/coaching

— The Clearer Thinking Team","Words That Land","Make Their Day","Say It So It Sticks","A speech bubble unfolding into a small burst of warm confetti and light against a cheerful pastel backdrop. The kinetic warmth feels generous and human, signaling connection rather than flattery."
"Productive Disagreements","Learn techniques to have arguments that are constructive and beneficial for your relationships. Practice by arguing with a powerful artificial intelligence!","209","18","8.6","Ever wish a disagreement could bring you closer instead of apart? 🤖 Practice your skills against an AI. Try it free.","Turn arguments into stronger relationships. Learn constructive techniques and practice with an AI. Start free now.","What if you could win the argument and the relationship? Practice with a powerful AI and find out. Explore it.","Argue Without the Fallout","Debate a Powerful AI","Can a Fight Strengthen a Bond?","Thank you — we hope you found your Productive Disagreements report valuable.

Turning conflict into something constructive is a skill that pays off everywhere, and it's easier to strengthen with someone helping you practice it in your own situations.

With Clearer Thinking Plus, you'll meet one-on-one with an evidence-based coach (drawing on CBT, ACT, and Motivational Interviewing) over 45-minute video calls, building a personalized plan to communicate well and navigate the relationships and goals that matter to you.

If you'd like support, you can learn more here:
https://www.clearerthinking.org/coaching

— The Clearer Thinking Team","Argue Better","Win Without Fighting","Turn Clash Into Insight","Two contrasting colored speech bubbles overlapping to create a vivid third color in the middle, on a clean modern background. The blended overlap visualizes productive friction creating something new and is instantly intriguing."
"Savor Your Life","Learn a skill recommended by positive psychology to increase satisfaction and deepen your happiness. Lift your spirits and create lasting positive feelings!","113","9","8.0","Ever let a good moment slip by unnoticed? ✨ Positive psychology has a skill for savoring it. Discover it free.","Deepen your happiness and create lasting positive feelings. Learn this positive-psychology skill free. Start today.","What separates fleeting joy from lasting satisfaction? Positive psychology points to one skill. Learn it now.","Deepen Your Everyday Joy","The Skill of Savoring","Letting Good Moments Slip By?","Thank you — we hope you found your Savor Your Life report valuable.

Savoring more of your days can genuinely lift your satisfaction, and a coach can help you weave habits like this into a fuller, more intentional life.

Through Clearer Thinking Plus, you can meet one-on-one with an evidence-based coach (drawing on CBT, ACT, and Motivational Interviewing) over 45-minute video calls. Together you'll build a personalized plan to boost your wellbeing and make faster progress toward what matters most.

If that sounds good, you can learn more here:
https://www.clearerthinking.org/coaching

— The Clearer Thinking Team","Slow Down Time","Catch The Good Stuff","Make Joy Last Longer","A single drop of golden honey caught mid-drip in sharp macro focus, light glowing through it, against a soft warm-blur background. The suspended slow moment embodies savoring and is luxuriously thumb-stopping."
"Spark the Mood You Want","Create a mood association: learn to generate a mental state of your choice in the situation you want using a quick, reliable technique.","307","24","7.8","Ever wish you could shift into the right mindset on demand? There's a quick technique for that. Try it free.","Summon the mental state you want, when you want it. This free tool teaches a quick, reliable technique. Start now.","What if you could reliably spark a mood in any situation? 🎯 Learn the technique behind it. Explore now.","Set the Mood on Demand","Your Mind, On Cue","Want a Mood You Can Summon?","Thank you — we hope you found your Spark the Mood You Want report valuable.

Being able to shift into the state you want is a real edge, and a coach can help you build that kind of emotional flexibility into your everyday routine.

With Clearer Thinking Plus, you'll meet one-on-one with an evidence-based coach (drawing on CBT, ACT, and Motivational Interviewing) over 45-minute video calls, building a personalized plan to manage your moods and make faster progress toward your goals.

If you'd like to go deeper, you can learn more here:
https://www.clearerthinking.org/coaching

— The Clearer Thinking Team","Flip Your State","Choose How You Feel","Summon Calm On Demand","A simple dimmer-style dial turning a scene from muted gray on one side to vibrant warm color on the other, split down the middle. The before-and-after slider invites the viewer to imagine flipping their own switch."
"Pathkeeper","Keep track of your goals and your progress, so that you can more reliably achieve what you set out to do. Includes optional mechanisms for accountability.","141","11","7.8","Ever set a goal and lose track of it weeks later? 📌 Pathkeeper helps you stay on course. Try it free.","Reliably reach the goals you set, with built-in accountability. This free tool keeps your progress on track. Start now.","Why do so many goals fade away? Often it's a tracking problem. Pathkeeper offers a fix. See how.","Stay on Track to Your Goals","Never Lose a Goal Again","Goals Slipping Off Your Radar?","Thank you — we hope you found your Pathkeeper report valuable.

Tracking your goals is a great start, but staying accountable over time is so much easier with a real person in your corner.

Through Clearer Thinking Plus, you can meet one-on-one with an evidence-based coach (drawing on CBT, ACT, and Motivational Interviewing) over 45-minute video calls. Together you'll build a personalized plan and keep you accountable so you make faster, steadier progress toward your goals.

If you'd like that support, you can learn more here:
https://www.clearerthinking.org/coaching

— The Clearer Thinking Team","Goals That Stick","Where's Your Finish Line","Stay On Track","A clean winding trail of glowing footstep markers leading toward a small bright flag on a hilltop, minimal flat-illustration style. The visible path to the goal feels achievable and momentum-driven."
"The Decision Advisor","Facing a challenging, complex, or emotionally-charged decision? Try this tool for organizing your thoughts and weighing your options numerically.","1228","84","6.8","Ever feel stuck between two hard choices? 🤔 This tool helps you weigh your options clearly. Try it free.","Make tough decisions with clarity and confidence. This free tool organizes your thoughts and scores your options. Start now.","Why do big decisions feel so overwhelming? Sometimes it's just disorganized thinking. This tool helps. Explore it.","Decide With Confidence","Weigh Your Options Clearly","Stuck on a Hard Decision?","Thank you — we hope you found your The Decision Advisor report valuable.

Hard, emotionally-charged decisions are tough to face alone, and talking them through with someone trained to help can bring real clarity.

With Clearer Thinking Plus, you'll meet one-on-one with an evidence-based coach (drawing on CBT, ACT, and Motivational Interviewing) over 45-minute video calls, building a personalized plan to work through tough choices and move forward toward your goals with confidence.

If you'd like a thinking partner, you can learn more here:
https://www.clearerthinking.org/coaching

— The Clearer Thinking Team","Untangle The Choice","Stuck Between Two","Decide With Clarity","A tangled knot of two colored threads on one side smoothly resolving into two clean parallel lines on the other, against a calm background. The visual of chaos becoming order maps perfectly to organizing a hard decision."
"Lifetime Aspirations","Want to make a plan for accomplishing your biggest dreams? Use this tool to become happier and to more easily achieve your long-term goals.","236","15","6.4","Ever wonder how your biggest dreams could become a real plan? 🌟 This tool maps the path. Try it free.","Turn your long-term goals into an achievable plan, and feel happier doing it. This free tool shows you how. Start now.","What's the difference between a dream and a destiny? Often, just a plan. Build yours free. Explore it.","Plan Your Biggest Dreams","From Dream to Roadmap","What's Your Lifetime Plan?","Thank you — we hope you found your Lifetime Aspirations report valuable.

Mapping out your biggest dreams is inspiring; turning them into steady, real-world progress is where a coach can truly help.

Through Clearer Thinking Plus, you can meet one-on-one with an evidence-based coach (drawing on CBT, ACT, and Motivational Interviewing) over 45-minute video calls. Together you'll build a personalized plan to break your aspirations into achievable steps and make faster progress toward them.

If you're ready to start, you can learn more here:
https://www.clearerthinking.org/coaching

— The Clearer Thinking Team","Map Your Dreams","What's Your Big One","Build The Life You Want","A telescope pointed toward a distant glowing star on a deep twilight gradient, the star slightly larger than expected. The reach-for-the-distant-star image is aspirational and cinematic without being cheesy."
"Kind and Effective Communication (NVC)","Learn the techniques of Non-Violent Communication (NVC) to build stronger relationships.","776","45","5.8","Ever wish hard conversations felt less tense? 🕊️ Non-Violent Communication offers a kinder way. Discover it free.","Build stronger relationships through kinder, clearer communication. Learn the techniques of NVC free. Start now.","What if you could be honest and kind at the same time? NVC shows you how. Explore the techniques.","Communicate With Kindness","The NVC Approach","Hard Conversations Feel Tense?","Thank you — we hope you found your Kind and Effective Communication (NVC) report valuable.

Communicating with both honesty and care is a skill that transforms relationships, and it's easier to build with someone helping you practice it in your own life.

With Clearer Thinking Plus, you'll meet one-on-one with an evidence-based coach (drawing on CBT, ACT, and Motivational Interviewing) over 45-minute video calls, building a personalized plan to strengthen your relationships and make progress toward the goals that matter to you.

If you'd like support, you can learn more here:
https://www.clearerthinking.org/coaching

— The Clearer Thinking Team","Say It Kindly","Heard And Understood","Words Without Walls","Two hands gently passing a soft glowing orb of light between them against a warm minimal backdrop. The careful exchange of something fragile and bright signals kind, intentional communication."
"Leaving Your Mark on the World","Learn to make the most of your charitable contributions with this detailed and informative guide.","261","15","5.7","Ever wonder if your giving truly makes a difference? 🌍 This guide helps you maximize it. Explore it free.","Make every charitable dollar count. This free, detailed guide helps you give more effectively. Start now.","What separates good intentions from real impact? Often, just informed giving. Learn how. Explore the guide.","Make Your Giving Count","Give for Real Impact","Is Your Giving Making a Mark?","Thank you — we hope you found your Leaving Your Mark on the World report valuable.

Giving in a way that truly reflects your values is deeply meaningful, and a coach can help you align your choices with the impact you most want to have.

Through Clearer Thinking Plus, you can meet one-on-one with an evidence-based coach (drawing on CBT, ACT, and Motivational Interviewing) over 45-minute video calls. Together you'll build a personalized plan to live with intention and make faster progress toward the goals that matter most to you.

If that resonates, you can learn more here:
https://www.clearerthinking.org/coaching

— The Clearer Thinking Team","Make It Count","What Will You Leave","Give With Impact","A single hand releasing a glowing seed that trails light as it drifts outward over a wide horizon at golden hour. The act of release and ripple outward evokes legacy and generosity in a quietly powerful way."
